-- MySQL dump 10.13  Distrib 5.7.23, for Linux (x86_64)
--
-- Host: localhost    Database: xiaoyunhui
-- ------------------------------------------------------
-- Server version	5.7.23-0ubuntu0.18.04.1

/*!40101 SET @OLD_CHARACTER_SET_CLIENT=@@CHARACTER_SET_CLIENT */;
/*!40101 SET @OLD_CHARACTER_SET_RESULTS=@@CHARACTER_SET_RESULTS */;
/*!40101 SET @OLD_COLLATION_CONNECTION=@@COLLATION_CONNECTION */;
/*!40101 SET NAMES utf8 */;
/*!40103 SET @OLD_TIME_ZONE=@@TIME_ZONE */;
/*!40103 SET TIME_ZONE='+00:00' */;
/*!40014 SET @OLD_UNIQUE_CHECKS=@@UNIQUE_CHECKS, UNIQUE_CHECKS=0 */;
/*!40014 SET @OLD_FOREIGN_KEY_CHECKS=@@FOREIGN_KEY_CHECKS, FOREIGN_KEY_CHECKS=0 */;
/*!40101 SET @OLD_SQL_MODE=@@SQL_MODE, SQL_MODE='NO_AUTO_VALUE_ON_ZERO' */;
/*!40111 SET @OLD_SQL_NOTES=@@SQL_NOTES, SQL_NOTES=0 */;

--
-- Table structure for table `android_operate_error`
--

DROP TABLE IF EXISTS `android_operate_error`;
/*!40101 SET @saved_cs_client     = @@character_set_client */;
/*!40101 SET character_set_client = utf8 */;
CREATE TABLE `android_operate_error` (
  `id` int(11) NOT NULL AUTO_INCREMENT,
  `create_time` varchar(20) DEFAULT NULL,
  `device` varchar(255) DEFAULT NULL,
  `version_code` varchar(255) DEFAULT NULL,
  `version_name` varchar(255) DEFAULT NULL,
  `package_name` varchar(255) DEFAULT NULL,
  `brand` varchar(255) DEFAULT NULL,
  `model` varchar(255) DEFAULT NULL,
  `sdk` varchar(255) DEFAULT NULL,
  `device_release` varchar(255) DEFAULT NULL,
  `operate_error` varchar(6000) DEFAULT NULL,
  PRIMARY KEY (`id`)
) ENGINE=InnoDB AUTO_INCREMENT=99 DEFAULT CHARSET=utf8;
/*!40101 SET character_set_client = @saved_cs_client */;

--
-- Dumping data for table `android_operate_error`
--

LOCK TABLES `android_operate_error` WRITE;
/*!40000 ALTER TABLE `android_operate_error` DISABLE KEYS */;
INSERT INTO `android_operate_error` VALUES (54,'2019年02月14日 10:27:22','123333','1','1.0','com.jenking.xiaoyunhui','OnePlus','ONEPLUS A6000','28','9','>>>>时间：2019年02月14日 10:27:22\n信息：Attempt to invoke virtual method \'java.lang.String com.jenking.xiaoyunhui.models.base.ResultModel.toString()\' on a null object reference\r\n\n[第1条记录---------------------]\r\n文件：MainFragment1.java\r\n类名：com.jenking.xiaoyunhui.fragment.main.MainFragment1\r\n行数：62\r\n方法：search_button\r\n\r\n[第2条记录---------------------]\r\n文件：MainFragment1_ViewBinding.java\r\n类名：com.jenking.xiaoyunhui.fragment.main.MainFragment1_ViewBinding$3\r\n行数：61\r\n方法：doClick\r\n\r\n[第3条记录---------------------]\r\n文件：DebouncingOnClickListener.java\r\n类名：butterknife.internal.DebouncingOnClickListener\r\n行数：22\r\n方法：onClick\r\n\r\n[第4条记录---------------------]\r\n文件：View.java\r\n类名：android.view.View\r\n行数：6669\r\n方法：performClick\r\n\r\n[第5条记录---------------------]\r\n文件：View.java\r\n类名：android.view.View\r\n行数：6638\r\n方法：performClickInternal\r\n\r\n[第6条记录---------------------]\r\n文件：View.java\r\n类名：android.view.View\r\n行数：789\r\n方法：access$3100\r\n\r\n[第7条记录---------------------]\r\n文件：View.java\r\n类名：android.view.View$PerformClick\r\n行数：26145\r\n方法：run\r\n\r\n[第8条记录---------------------]\r\n文件：Handler.java\r\n类名：android.os.Handler\r\n行数：873\r\n方法：handleCallback\r\n\r\n[第9条记录---------------------]\r\n文件：Handler.java\r\n类名：android.os.Handler\r\n行数：99\r\n方法：dispatchMessage\r\n\r\n[第10条记录---------------------]\r\n文件：Looper.java\r\n类名：android.os.Looper\r\n行数：193\r\n方法：loop\r\n\r\n[第11条记录---------------------]\r\n文件：ActivityThread.java\r\n类名：android.app.ActivityThread\r\n行数：6863\r\n方法：main\r\n\r\n[第12条记录---------------------]\r\n文件：Method.java\r\n类名：java.lang.reflect.Method\r\n行数：-2\r\n方法：invoke\r\n\r\n[第13条记录---------------------]\r\n文件：RuntimeInit.java\r\n类名：com.android.internal.os.RuntimeInit$MethodAndArgsCaller\r\n行数：537\r\n方法：run\r\n\r\n[第14条记录---------------------]\r\n文件：ZygoteInit.java\r\n类名：com.android.internal.os.ZygoteInit\r\n行数：858\r\n方法：main\r\n\r\n--------------------------------\r\n--------------------------------\r\n--------------------------------\r\n'),(55,'2019年02月15日 12:18:14','123333','1','1.0','com.jenking.xiaoyunhui','OPPO','PBEM00','27','8.1.0','>>>>时间：2019年02月15日 12:18:14\n信息：Attempt to invoke interface method \'org.xutils.common.task.AbsTask org.xutils.common.TaskController.start(org.xutils.common.task.AbsTask)\' on a null object reference\r\n\n[第1条记录---------------------]\r\n文件：HttpManagerImpl.java\r\n类名：org.xutils.http.HttpManagerImpl\r\n行数：50\r\n方法：request\r\n\r\n[第2条记录---------------------]\r\n文件：HttpManagerImpl.java\r\n类名：org.xutils.http.HttpManagerImpl\r\n行数：39\r\n方法：post\r\n\r\n[第3条记录---------------------]\r\n文件：CreateMatchActivity.java\r\n类名：com.jenking.xiaoyunhui.activity.CreateMatchActivity\r\n行数：226\r\n方法：uploadFile\r\n\r\n[第4条记录---------------------]\r\n文件：CreateMatchActivity.java\r\n类名：com.jenking.xiaoyunhui.activity.CreateMatchActivity\r\n行数：394\r\n方法：checkInfoAndSubmit\r\n\r\n[第5条记录---------------------]\r\n文件：CreateMatchActivity.java\r\n类名：com.jenking.xiaoyunhui.activity.CreateMatchActivity\r\n行数：115\r\n方法：onClick\r\n\r\n[第6条记录---------------------]\r\n文件：CreateMatchActivity_ViewBinding.java\r\n类名：com.jenking.xiaoyunhui.activity.CreateMatchActivity_ViewBinding$7\r\n行数：109\r\n方法：doClick\r\n\r\n[第7条记录---------------------]\r\n文件：DebouncingOnClickListener.java\r\n类名：butterknife.internal.DebouncingOnClickListener\r\n行数：22\r\n方法：onClick\r\n\r\n[第8条记录---------------------]\r\n文件：View.java\r\n类名：android.view.View\r\n行数：6407\r\n方法：performClick\r\n\r\n[第9条记录---------------------]\r\n文件：View.java\r\n类名：android.view.View$PerformClick\r\n行数：25175\r\n方法：run\r\n\r\n[第10条记录---------------------]\r\n文件：Handler.java\r\n类名：android.os.Handler\r\n行数：790\r\n方法：handleCallback\r\n\r\n[第11条记录---------------------]\r\n文件：Handler.java\r\n类名：android.os.Handler\r\n行数：99\r\n方法：dispatchMessage\r\n\r\n[第12条记录---------------------]\r\n文件：Looper.java\r\n类名：android.os.Looper\r\n行数：198\r\n方法：loop\r\n\r\n[第13条记录---------------------]\r\n文件：ActivityThread.java\r\n类名：android.app.ActivityThread\r\n行数：7015\r\n方法：main\r\n\r\n[第14条记录---------------------]\r\n文件：Method.java\r\n类名：java.lang.reflect.Method\r\n行数：-2\r\n方法：invoke\r\n\r\n[第15条记录---------------------]\r\n文件：RuntimeInit.java\r\n类名：com.android.internal.os.RuntimeInit$MethodAndArgsCaller\r\n行数：521\r\n方法：run\r\n\r\n[第16条记录---------------------]\r\n文件：ZygoteInit.java\r\n类名：com.android.internal.os.ZygoteInit\r\n行数：837\r\n方法：main\r\n\r\n--------------------------------\r\n--------------------------------\r\n--------------------------------\r\n'),(56,'2019年02月15日 12:20:10','123333','1','1.0','com.jenking.xiaoyunhui','OPPO','PBEM00','27','8.1.0','>>>>时间：2019年02月15日 12:20:10\n信息：Attempt to invoke interface method \'org.xutils.common.task.AbsTask org.xutils.common.TaskController.start(org.xutils.common.task.AbsTask)\' on a null object reference\r\n\n[第1条记录---------------------]\r\n文件：HttpManagerImpl.java\r\n类名：org.xutils.http.HttpManagerImpl\r\n行数：50\r\n方法：request\r\n\r\n[第2条记录---------------------]\r\n文件：HttpManagerImpl.java\r\n类名：org.xutils.http.HttpManagerImpl\r\n行数：39\r\n方法：post\r\n\r\n[第3条记录---------------------]\r\n文件：CreateMatchActivity.java\r\n类名：com.jenking.xiaoyunhui.activity.CreateMatchActivity\r\n行数：226\r\n方法：uploadFile\r\n\r\n[第4条记录---------------------]\r\n文件：CreateMatchActivity.java\r\n类名：com.jenking.xiaoyunhui.activity.CreateMatchActivity\r\n行数：394\r\n方法：checkInfoAndSubmit\r\n\r\n[第5条记录---------------------]\r\n文件：CreateMatchActivity.java\r\n类名：com.jenking.xiaoyunhui.activity.CreateMatchActivity\r\n行数：115\r\n方法：onClick\r\n\r\n[第6条记录---------------------]\r\n文件：CreateMatchActivity_ViewBinding.java\r\n类名：com.jenking.xiaoyunhui.activity.CreateMatchActivity_ViewBinding$7\r\n行数：109\r\n方法：doClick\r\n\r\n[第7条记录---------------------]\r\n文件：DebouncingOnClickListener.java\r\n类名：butterknife.internal.DebouncingOnClickListener\r\n行数：22\r\n方法：onClick\r\n\r\n[第8条记录---------------------]\r\n文件：View.java\r\n类名：android.view.View\r\n行数：6407\r\n方法：performClick\r\n\r\n[第9条记录---------------------]\r\n文件：View.java\r\n类名：android.view.View$PerformClick\r\n行数：25175\r\n方法：run\r\n\r\n[第10条记录---------------------]\r\n文件：Handler.java\r\n类名：android.os.Handler\r\n行数：790\r\n方法：handleCallback\r\n\r\n[第11条记录---------------------]\r\n文件：Handler.java\r\n类名：android.os.Handler\r\n行数：99\r\n方法：dispatchMessage\r\n\r\n[第12条记录---------------------]\r\n文件：Looper.java\r\n类名：android.os.Looper\r\n行数：198\r\n方法：loop\r\n\r\n[第13条记录---------------------]\r\n文件：ActivityThread.java\r\n类名：android.app.ActivityThread\r\n行数：7015\r\n方法：main\r\n\r\n[第14条记录---------------------]\r\n文件：Method.java\r\n类名：java.lang.reflect.Method\r\n行数：-2\r\n方法：invoke\r\n\r\n[第15条记录---------------------]\r\n文件：RuntimeInit.java\r\n类名：com.android.internal.os.RuntimeInit$MethodAndArgsCaller\r\n行数：521\r\n方法：run\r\n\r\n[第16条记录---------------------]\r\n文件：ZygoteInit.java\r\n类名：com.android.internal.os.ZygoteInit\r\n行数：837\r\n方法：main\r\n\r\n--------------------------------\r\n--------------------------------\r\n--------------------------------\r\n'),(57,'2019年02月15日 12:28:12','123333','1','1.0','com.jenking.xiaoyunhui','OnePlus','ONEPLUS A6000','28','9','>>>>时间：2019年02月15日 12:28:12\n信息：Attempt to invoke interface method \'org.xutils.common.task.AbsTask org.xutils.common.TaskController.start(org.xutils.common.task.AbsTask)\' on a null object reference\r\n\n[第1条记录---------------------]\r\n文件：HttpManagerImpl.java\r\n类名：org.xutils.http.HttpManagerImpl\r\n行数：50\r\n方法：request\r\n\r\n[第2条记录---------------------]\r\n文件：HttpManagerImpl.java\r\n类名：org.xutils.http.HttpManagerImpl\r\n行数：39\r\n方法：post\r\n\r\n[第3条记录---------------------]\r\n文件：CreateMatchActivity.java\r\n类名：com.jenking.xiaoyunhui.activity.CreateMatchActivity\r\n行数：226\r\n方法：uploadFile\r\n\r\n[第4条记录---------------------]\r\n文件：CreateMatchActivity.java\r\n类名：com.jenking.xiaoyunhui.activity.CreateMatchActivity\r\n行数：394\r\n方法：checkInfoAndSubmit\r\n\r\n[第5条记录---------------------]\r\n文件：CreateMatchActivity.java\r\n类名：com.jenking.xiaoyunhui.activity.CreateMatchActivity\r\n行数：115\r\n方法：onClick\r\n\r\n[第6条记录---------------------]\r\n文件：CreateMatchActivity_ViewBinding.java\r\n类名：com.jenking.xiaoyunhui.activity.CreateMatchActivity_ViewBinding$7\r\n行数：109\r\n方法：doClick\r\n\r\n[第7条记录---------------------]\r\n文件：DebouncingOnClickListener.java\r\n类名：butterknife.internal.DebouncingOnClickListener\r\n行数：22\r\n方法：onClick\r\n\r\n[第8条记录---------------------]\r\n文件：View.java\r\n类名：android.view.View\r\n行数：6669\r\n方法：performClick\r\n\r\n[第9条记录---------------------]\r\n文件：View.java\r\n类名：android.view.View\r\n行数：6638\r\n方法：performClickInternal\r\n\r\n[第10条记录---------------------]\r\n文件：View.java\r\n类名：android.view.View\r\n行数：789\r\n方法：access$3100\r\n\r\n[第11条记录---------------------]\r\n文件：View.java\r\n类名：android.view.View$PerformClick\r\n行数：26145\r\n方法：run\r\n\r\n[第12条记录---------------------]\r\n文件：Handler.java\r\n类名：android.os.Handler\r\n行数：873\r\n方法：handleCallback\r\n\r\n[第13条记录---------------------]\r\n文件：Handler.java\r\n类名：android.os.Handler\r\n行数：99\r\n方法：dispatchMessage\r\n\r\n[第14条记录---------------------]\r\n文件：Looper.java\r\n类名：android.os.Looper\r\n行数：193\r\n方法：loop\r\n\r\n[第15条记录---------------------]\r\n文件：ActivityThread.java\r\n类名：android.app.ActivityThread\r\n行数：6863\r\n方法：main\r\n\r\n[第16条记录---------------------]\r\n文件：Method.java\r\n类名：java.lang.reflect.Method\r\n行数：-2\r\n方法：invoke\r\n\r\n[第17条记录---------------------]\r\n文件：RuntimeInit.java\r\n类名：com.android.internal.os.RuntimeInit$MethodAndArgsCaller\r\n行数：537\r\n方法：run\r\n\r\n[第18条记录---------------------]\r\n文件：ZygoteInit.java\r\n类名：com.android.internal.os.ZygoteInit\r\n行数：858\r\n方法：main\r\n\r\n--------------------------------\r\n--------------------------------\r\n--------------------------------\r\n'),(58,'2019年02月15日 12:30:53','123333','1','1.0','com.jenking.xiaoyunhui','OnePlus','ONEPLUS A6000','28','9','>>>>时间：2019年02月15日 12:30:53\n信息：Attempt to invoke interface method \'org.xutils.common.task.AbsTask org.xutils.common.TaskController.start(org.xutils.common.task.AbsTask)\' on a null object reference\r\n\n[第1条记录---------------------]\r\n文件：HttpManagerImpl.java\r\n类名：org.xutils.http.HttpManagerImpl\r\n行数：50\r\n方法：request\r\n\r\n[第2条记录---------------------]\r\n文件：HttpManagerImpl.java\r\n类名：org.xutils.http.HttpManagerImpl\r\n行数：39\r\n方法：post\r\n\r\n[第3条记录---------------------]\r\n文件：CreateMatchActivity.java\r\n类名：com.jenking.xiaoyunhui.activity.CreateMatchActivity\r\n行数：226\r\n方法：uploadFile\r\n\r\n[第4条记录---------------------]\r\n文件：CreateMatchActivity.java\r\n类名：com.jenking.xiaoyunhui.activity.CreateMatchActivity\r\n行数：394\r\n方法：checkInfoAndSubmit\r\n\r\n[第5条记录---------------------]\r\n文件：CreateMatchActivity.java\r\n类名：com.jenking.xiaoyunhui.activity.CreateMatchActivity\r\n行数：115\r\n方法：onClick\r\n\r\n[第6条记录---------------------]\r\n文件：CreateMatchActivity_ViewBinding.java\r\n类名：com.jenking.xiaoyunhui.activity.CreateMatchActivity_ViewBinding$7\r\n行数：109\r\n方法：doClick\r\n\r\n[第7条记录---------------------]\r\n文件：DebouncingOnClickListener.java\r\n类名：butterknife.internal.DebouncingOnClickListener\r\n行数：22\r\n方法：onClick\r\n\r\n[第8条记录---------------------]\r\n文件：View.java\r\n类名：android.view.View\r\n行数：6669\r\n方法：performClick\r\n\r\n[第9条记录---------------------]\r\n文件：View.java\r\n类名：android.view.View\r\n行数：6638\r\n方法：performClickInternal\r\n\r\n[第10条记录---------------------]\r\n文件：View.java\r\n类名：android.view.View\r\n行数：789\r\n方法：access$3100\r\n\r\n[第11条记录---------------------]\r\n文件：View.java\r\n类名：android.view.View$PerformClick\r\n行数：26145\r\n方法：run\r\n\r\n[第12条记录---------------------]\r\n文件：Handler.java\r\n类名：android.os.Handler\r\n行数：873\r\n方法：handleCallback\r\n\r\n[第13条记录---------------------]\r\n文件：Handler.java\r\n类名：android.os.Handler\r\n行数：99\r\n方法：dispatchMessage\r\n\r\n[第14条记录---------------------]\r\n文件：Looper.java\r\n类名：android.os.Looper\r\n行数：193\r\n方法：loop\r\n\r\n[第15条记录---------------------]\r\n文件：ActivityThread.java\r\n类名：android.app.ActivityThread\r\n行数：6863\r\n方法：main\r\n\r\n[第16条记录---------------------]\r\n文件：Method.java\r\n类名：java.lang.reflect.Method\r\n行数：-2\r\n方法：invoke\r\n\r\n[第17条记录---------------------]\r\n文件：RuntimeInit.java\r\n类名：com.android.internal.os.RuntimeInit$MethodAndArgsCaller\r\n行数：537\r\n方法：run\r\n\r\n[第18条记录---------------------]\r\n文件：ZygoteInit.java\r\n类名：com.android.internal.os.ZygoteInit\r\n行数：858\r\n方法：main\r\n\r\n--------------------------------\r\n--------------------------------\r\n--------------------------------\r\n'),(59,'2019年02月15日 12:36:03','123333','1','1.0','com.jenking.xiaoyunhui','OnePlus','ONEPLUS A6000','28','9','>>>>时间：2019年02月15日 12:36:03\n信息：Attempt to invoke interface method \'org.xutils.common.task.AbsTask org.xutils.common.TaskController.start(org.xutils.common.task.AbsTask)\' on a null object reference\r\n\n[第1条记录---------------------]\r\n文件：HttpManagerImpl.java\r\n类名：org.xutils.http.HttpManagerImpl\r\n行数：50\r\n方法：request\r\n\r\n[第2条记录---------------------]\r\n文件：HttpManagerImpl.java\r\n类名：org.xutils.http.HttpManagerImpl\r\n行数：39\r\n方法：post\r\n\r\n[第3条记录---------------------]\r\n文件：CreateMatchActivity.java\r\n类名：com.jenking.xiaoyunhui.activity.CreateMatchActivity\r\n行数：226\r\n方法：uploadFile\r\n\r\n[第4条记录---------------------]\r\n文件：CreateMatchActivity.java\r\n类名：com.jenking.xiaoyunhui.activity.CreateMatchActivity\r\n行数：394\r\n方法：checkInfoAndSubmit\r\n\r\n[第5条记录---------------------]\r\n文件：CreateMatchActivity.java\r\n类名：com.jenking.xiaoyunhui.activity.CreateMatchActivity\r\n行数：115\r\n方法：onClick\r\n\r\n[第6条记录---------------------]\r\n文件：CreateMatchActivity_ViewBinding.java\r\n类名：com.jenking.xiaoyunhui.activity.CreateMatchActivity_ViewBinding$7\r\n行数：109\r\n方法：doClick\r\n\r\n[第7条记录---------------------]\r\n文件：DebouncingOnClickListener.java\r\n类名：butterknife.internal.DebouncingOnClickListener\r\n行数：22\r\n方法：onClick\r\n\r\n[第8条记录---------------------]\r\n文件：View.java\r\n类名：android.view.View\r\n行数：6669\r\n方法：performClick\r\n\r\n[第9条记录---------------------]\r\n文件：View.java\r\n类名：android.view.View\r\n行数：6638\r\n方法：performClickInternal\r\n\r\n[第10条记录---------------------]\r\n文件：View.java\r\n类名：android.view.View\r\n行数：789\r\n方法：access$3100\r\n\r\n[第11条记录---------------------]\r\n文件：View.java\r\n类名：android.view.View$PerformClick\r\n行数：26145\r\n方法：run\r\n\r\n[第12条记录---------------------]\r\n文件：Handler.java\r\n类名：android.os.Handler\r\n行数：873\r\n方法：handleCallback\r\n\r\n[第13条记录---------------------]\r\n文件：Handler.java\r\n类名：android.os.Handler\r\n行数：99\r\n方法：dispatchMessage\r\n\r\n[第14条记录---------------------]\r\n文件：Looper.java\r\n类名：android.os.Looper\r\n行数：193\r\n方法：loop\r\n\r\n[第15条记录---------------------]\r\n文件：ActivityThread.java\r\n类名：android.app.ActivityThread\r\n行数：6863\r\n方法：main\r\n\r\n[第16条记录---------------------]\r\n文件：Method.java\r\n类名：java.lang.reflect.Method\r\n行数：-2\r\n方法：invoke\r\n\r\n[第17条记录---------------------]\r\n文件：RuntimeInit.java\r\n类名：com.android.internal.os.RuntimeInit$MethodAndArgsCaller\r\n行数：537\r\n方法：run\r\n\r\n[第18条记录---------------------]\r\n文件：ZygoteInit.java\r\n类名：com.android.internal.os.ZygoteInit\r\n行数：858\r\n方法：main\r\n\r\n--------------------------------\r\n--------------------------------\r\n--------------------------------\r\n'),(60,'2019年02月15日 14:43:57','123333','1','1.0','com.jenking.xiaoyunhui','OPPO','PBEM00','27','8.1.0','>>>>时间：2019年02月15日 14:43:57\n信息：parameter must be a descendant of this view\r\n\n[第1条记录---------------------]\r\n文件：ViewGroup.java\r\n类名：android.view.ViewGroup\r\n行数：6065\r\n方法：offsetRectBetweenParentAndChild\r\n\r\n[第2条记录---------------------]\r\n文件：ViewGroup.java\r\n类名：android.view.ViewGroup\r\n行数：5994\r\n方法：offsetDescendantRectToMyCoords\r\n\r\n[第3条记录---------------------]\r\n文件：ScrollView.java\r\n类名：android.widget.ScrollView\r\n行数：1224\r\n方法：isWithinDeltaOfScreen\r\n\r\n[第4条记录---------------------]\r\n文件：ScrollView.java\r\n类名：android.widget.ScrollView\r\n行数：1647\r\n方法：onSizeChanged\r\n\r\n[第5条记录---------------------]\r\n文件：View.java\r\n类名：android.view.View\r\n行数：20074\r\n方法：sizeChange\r\n\r\n[第6条记录---------------------]\r\n文件：View.java\r\n类名：android.view.View\r\n行数：20035\r\n方法：setFrame\r\n\r\n[第7条记录---------------------]\r\n文件：View.java\r\n类名：android.view.View\r\n行数：19938\r\n方法：layout\r\n\r\n[第8条记录---------------------]\r\n文件：ViewGroup.java\r\n类名：android.view.ViewGroup\r\n行数：6181\r\n方法：layout\r\n\r\n[第9条记录---------------------]\r\n文件：RelativeLayout.java\r\n类名：android.widget.RelativeLayout\r\n行数：1083\r\n方法：onLayout\r\n\r\n[第10条记录---------------------]\r\n文件：View.java\r\n类名：android.view.View\r\n行数：19941\r\n方法：layout\r\n\r\n[第11条记录---------------------]\r\n文件：ViewGroup.java\r\n类名：android.view.ViewGroup\r\n行数：6181\r\n方法：layout\r\n\r\n[第12条记录---------------------]\r\n文件：FrameLayout.java\r\n类名：android.widget.FrameLayout\r\n行数：323\r\n方法：layoutChildren\r\n\r\n[第13条记录---------------------]\r\n文件：FrameLayout.java\r\n类名：android.widget.FrameLayout\r\n行数：261\r\n方法：onLayout\r\n\r\n[第14条记录---------------------]\r\n文件：View.java\r\n类名：android.view.View\r\n行数：19941\r\n方法：layout\r\n\r\n[第15条记录---------------------]\r\n文件：ViewGroup.java\r\n类名：android.view.ViewGroup\r\n行数：6181\r\n方法：layout\r\n\r\n[第16条记录---------------------]\r\n文件：LinearLayout.java\r\n类名：android.widget.LinearLayout\r\n行数：1807\r\n方法：setChildFrame\r\n\r\n[第17条记录---------------------]\r\n文件：LinearLayout.java\r\n类名：android.widget.LinearLayout\r\n行数：1635\r\n方法：layoutVertical\r\n\r\n[第18条记录---------------------]\r\n文件：LinearLayout.java\r\n类名：android.widget.LinearLayout\r\n行数：1544\r\n方法：onLayout\r\n\r\n[第19条记录---------------------]\r\n文件：View.java\r\n类名：android.view.View\r\n行数：19941\r\n方法：layout\r\n\r\n[第20条记录---------------------]\r\n文件：ViewGroup.java\r\n类名：android.view.ViewGroup\r\n行数：6181\r\n方法：layout\r\n\r\n[第21条记录---------------------]\r\n文件：FrameLayout.java\r\n类名：android.widget.FrameLayout\r\n行数：323\r\n方法：layoutChildren\r\n\r\n[第22条记录---------------------]\r\n文件：FrameLayout.java\r\n类名：android.widget.FrameLayout\r\n行数：261\r\n方法：onLayout\r\n\r\n[第23条记录---------------------]\r\n文件：View.java\r\n类名：android.view.View\r\n行数：19941\r\n方法：layout\r\n\r\n[第24条记录---------------------]\r\n文件：ViewGroup.java\r\n类名：android.view.ViewGroup\r\n行数：6181\r\n方法：layout\r\n\r\n[第25条记录---------------------]\r\n文件：LinearLayout.java\r\n类名：android.widget.LinearLayout\r\n行数：1807\r\n方法：setChildFrame\r\n\r\n[第26条记录---------------------]\r\n文件：LinearLayout.java\r\n类名：android.widget.LinearLayout\r\n行数：1635\r\n方法：layoutVertical\r\n\r\n[第27条记录---------------------]\r\n文件：LinearLayout.java\r\n类名：android.widget.LinearLayout\r\n行数：1544\r\n方法：onLayout\r\n\r\n[第28条记录---------------------]\r\n文件：View.java\r\n类名：android.view.View\r\n行数：19941\r\n方法：layout\r\n\r\n[第29条记录---------------------]\r\n文件：ViewGroup.java\r\n类名：android.view.ViewGroup\r\n行数：6181\r\n方法：layout\r\n\r\n[第30条记录---------------------]\r\n文件：FrameLayout.java\r\n类名：android.widget.FrameLayout\r\n行数：323\r\n方法：layoutChildren\r\n\r\n[第31条记录---------------------]\r\n文件：FrameLayout.java\r\n类名：android.widget.FrameLayout\r\n行数：261\r\n方法：onLayout\r\n\r\n[第32条记录---------------------]\r\n文件：DecorView.java\r\n类名：com.android.internal.policy.DecorView\r\n行数：873\r\n方法：onLayout\r\n\r\n[第33条记录---------------------]\r\n文件：View.java\r\n类名：android.view.View\r\n行数：19941\r\n方法：layout\r\n\r\n[第34条记录---------------------]\r\n文件：ViewGroup.java\r\n类名：android.view.ViewGroup\r\n行数：6181\r\n方法：layout\r\n\r\n[第35条记录---------------------]\r\n文件：ViewRootImpl.java\r\n类名：android.view.ViewRootImpl\r\n行数：2832\r\n方法：performLayout\r\n\r\n[第36条记录---------------------]\r\n文件：ViewRootImpl.java\r\n类名：android.view.ViewRootImpl\r\n行数：2497\r\n方法：performTraversals\r\n\r\n[第37条记录---------------------]\r\n文件：ViewRootImpl.java\r\n类名：android.view.ViewRootImpl\r\n行数：1626\r\n方法：doTraversal\r\n\r\n[第38条记录---------------------]\r\n文件：ViewRootImpl.java\r\n类名：android.view.ViewRootImpl$TraversalRunnable\r\n行数：7406\r\n方法：run\r\n\r\n[第39条记录---------------------]\r\n文件：Choreographer.java\r\n类名：android.view.Choreographer$CallbackRecord\r\n行数：1005\r\n方法：run\r\n\r\n[第40条记录---------------------]\r\n文件：Choreographer.java\r\n类名：android.view.Choreographer\r\n行数：817\r\n方法：doCallbacks\r\n\r\n[第41条记录---------------------]\r\n文件：Choreographer.java\r\n类名：android.view.Choreographer\r\n行数：752\r\n方法：doFrame\r\n\r\n[第42条记录---------------------]\r\n文件：Choreographer.java\r\n类名：android.view.Choreographer$FrameDisplayEventReceiver\r\n行数：991\r\n方法：run\r\n\r\n[第43条记录---------------------]\r\n文件：Handler.java\r\n类名：android.os.Handler\r\n行数：790\r\n方法：handleCallback\r\n\r\n[第44条记录---------------------]\r\n文件：Handler.java\r\n类名：android.os.Handler\r\n行数：99\r\n方法：dispatchMessage\r\n\r\n[第45条记录---------------------]\r\n文件：Looper.java\r\n类名：android.os.Looper\r\n行数：198\r\n方法：loop\r\n\r\n[第46条记录---------------------]\r\n文件：ActivityThread.java\r\n类名：android.app.ActivityThread\r\n行数：7015\r\n方法：main\r\n\r\n[第47条记录---------------------]\r\n文件：Method.java\r\n类名：java.lang.reflect.Method\r\n行数：-2\r\n方法：invoke\r\n\r\n[第48条记录---------------------]\r\n文件：RuntimeInit.java\r\n类名：com.android.internal.os.RuntimeInit$MethodAndArgsCaller\r\n行数：521\r\n方法：run\r\n\r\n[第49条记录---------------------]\r\n文件：ZygoteInit.java\r\n类名：com.android.internal.os.ZygoteInit\r\n行数：837\r\n方法：main\r\n\r\n--------------------------------\r\n--------------------------------\r\n--------------------------------\r\n'),(61,'2019年02月15日 14:44:16','123333','1','1.0','com.jenking.xiaoyunhui','OPPO','PBEM00','27','8.1.0','>>>>时间：2019年02月15日 14:44:16\n信息：parameter must be a descendant of this view\r\n\n[第1条记录---------------------]\r\n文件：ViewGroup.java\r\n类名：android.view.ViewGroup\r\n行数：6065\r\n方法：offsetRectBetweenParentAndChild\r\n\r\n[第2条记录---------------------]\r\n文件：ViewGroup.java\r\n类名：android.view.ViewGroup\r\n行数：5994\r\n方法：offsetDescendantRectToMyCoords\r\n\r\n[第3条记录---------------------]\r\n文件：ScrollView.java\r\n类名：android.widget.ScrollView\r\n行数：1224\r\n方法：isWithinDeltaOfScreen\r\n\r\n[第4条记录---------------------]\r\n文件：ScrollView.java\r\n类名：android.widget.ScrollView\r\n行数：1647\r\n方法：onSizeChanged\r\n\r\n[第5条记录---------------------]\r\n文件：View.java\r\n类名：android.view.View\r\n行数：20074\r\n方法：sizeChange\r\n\r\n[第6条记录---------------------]\r\n文件：View.java\r\n类名：android.view.View\r\n行数：20035\r\n方法：setFrame\r\n\r\n[第7条记录---------------------]\r\n文件：View.java\r\n类名：android.view.View\r\n行数：19938\r\n方法：layout\r\n\r\n[第8条记录---------------------]\r\n文件：ViewGroup.java\r\n类名：android.view.ViewGroup\r\n行数：6181\r\n方法：layout\r\n\r\n[第9条记录---------------------]\r\n文件：RelativeLayout.java\r\n类名：android.widget.RelativeLayout\r\n行数：1083\r\n方法：onLayout\r\n\r\n[第10条记录---------------------]\r\n文件：View.java\r\n类名：android.view.View\r\n行数：19941\r\n方法：layout\r\n\r\n[第11条记录---------------------]\r\n文件：ViewGroup.java\r\n类名：android.view.ViewGroup\r\n行数：6181\r\n方法：layout\r\n\r\n[第12条记录---------------------]\r\n文件：FrameLayout.java\r\n类名：android.widget.FrameLayout\r\n行数：323\r\n方法：layoutChildren\r\n\r\n[第13条记录---------------------]\r\n文件：FrameLayout.java\r\n类名：android.widget.FrameLayout\r\n行数：261\r\n方法：onLayout\r\n\r\n[第14条记录---------------------]\r\n文件：View.java\r\n类名：android.view.View\r\n行数：19941\r\n方法：layout\r\n\r\n[第15条记录---------------------]\r\n文件：ViewGroup.java\r\n类名：android.view.ViewGroup\r\n行数：6181\r\n方法：layout\r\n\r\n[第16条记录---------------------]\r\n文件：LinearLayout.java\r\n类名：android.widget.LinearLayout\r\n行数：1807\r\n方法：setChildFrame\r\n\r\n[第17条记录---------------------]\r\n文件：LinearLayout.java\r\n类名：android.widget.LinearLayout\r\n行数：1635\r\n方法：layoutVertical\r\n\r\n[第18条记录---------------------]\r\n文件：LinearLayout.java\r\n类名：android.widget.LinearLayout\r\n行数：1544\r\n方法：onLayout\r\n\r\n[第19条记录---------------------]\r\n文件：View.java\r\n类名：android.view.View\r\n行数：19941\r\n方法：layout\r\n\r\n[第20条记录---------------------]\r\n文件：ViewGroup.java\r\n类名：android.view.ViewGroup\r\n行数：6181\r\n方法：layout\r\n\r\n[第21条记录---------------------]\r\n文件：FrameLayout.java\r\n类名：android.widget.FrameLayout\r\n行数：323\r\n方法：layoutChildren\r\n\r\n[第22条记录---------------------]\r\n文件：FrameLayout.java\r\n类名：android.widget.FrameLayout\r\n行数：261\r\n方法：onLayout\r\n\r\n[第23条记录---------------------]\r\n文件：View.java\r\n类名：android.view.View\r\n行数：19941\r\n方法：layout\r\n\r\n[第24条记录---------------------]\r\n文件：ViewGroup.java\r\n类名：android.view.ViewGroup\r\n行数：6181\r\n方法：layout\r\n\r\n[第25条记录---------------------]\r\n文件：LinearLayout.java\r\n类名：android.widget.LinearLayout\r\n行数：1807\r\n方法：setChildFrame\r\n\r\n[第26条记录---------------------]\r\n文件：LinearLayout.java\r\n类名：android.widget.LinearLayout\r\n行数：1635\r\n方法：layoutVertical\r\n\r\n[第27条记录---------------------]\r\n文件：LinearLayout.java\r\n类名：android.widget.LinearLayout\r\n行数：1544\r\n方法：onLayout\r\n\r\n[第28条记录---------------------]\r\n文件：View.java\r\n类名：android.view.View\r\n行数：19941\r\n方法：layout\r\n\r\n[第29条记录---------------------]\r\n文件：ViewGroup.java\r\n类名：android.view.ViewGroup\r\n行数：6181\r\n方法：layout\r\n\r\n[第30条记录---------------------]\r\n文件：FrameLayout.java\r\n类名：android.widget.FrameLayout\r\n行数：323\r\n方法：layoutChildren\r\n\r\n[第31条记录---------------------]\r\n文件：FrameLayout.java\r\n类名：android.widget.FrameLayout\r\n行数：261\r\n方法：onLayout\r\n\r\n[第32条记录---------------------]\r\n文件：DecorView.java\r\n类名：com.android.internal.policy.DecorView\r\n行数：873\r\n方法：onLayout\r\n\r\n[第33条记录---------------------]\r\n文件：View.java\r\n类名：android.view.View\r\n行数：19941\r\n方法：layout\r\n\r\n[第34条记录---------------------]\r\n文件：ViewGroup.java\r\n类名：android.view.ViewGroup\r\n行数：6181\r\n方法：layout\r\n\r\n[第35条记录---------------------]\r\n文件：ViewRootImpl.java\r\n类名：android.view.ViewRootImpl\r\n行数：2832\r\n方法：performLayout\r\n\r\n[第36条记录---------------------]\r\n文件：ViewRootImpl.java\r\n类名：android.view.ViewRootImpl\r\n行数：2497\r\n方法：performTraversals\r\n\r\n[第37条记录---------------------]\r\n文件：ViewRootImpl.java\r\n类名：android.view.ViewRootImpl\r\n行数：1626\r\n方法：doTraversal\r\n\r\n[第38条记录---------------------]\r\n文件：ViewRootImpl.java\r\n类名：android.view.ViewRootImpl$TraversalRunnable\r\n行数：7406\r\n方法：run\r\n\r\n[第39条记录---------------------]\r\n文件：Choreographer.java\r\n类名：android.view.Choreographer$CallbackRecord\r\n行数：1005\r\n方法：run\r\n\r\n[第40条记录---------------------]\r\n文件：Choreographer.java\r\n类名：android.view.Choreographer\r\n行数：817\r\n方法：doCallbacks\r\n\r\n[第41条记录---------------------]\r\n文件：Choreographer.java\r\n类名：android.view.Choreographer\r\n行数：752\r\n方法：doFrame\r\n\r\n[第42条记录---------------------]\r\n文件：Choreographer.java\r\n类名：android.view.Choreographer$FrameDisplayEventReceiver\r\n行数：991\r\n方法：run\r\n\r\n[第43条记录---------------------]\r\n文件：Handler.java\r\n类名：android.os.Handler\r\n行数：790\r\n方法：handleCallback\r\n\r\n[第44条记录---------------------]\r\n文件：Handler.java\r\n类名：android.os.Handler\r\n行数：99\r\n方法：dispatchMessage\r\n\r\n[第45条记录---------------------]\r\n文件：Looper.java\r\n类名：android.os.Looper\r\n行数：198\r\n方法：loop\r\n\r\n[第46条记录---------------------]\r\n文件：ActivityThread.java\r\n类名：android.app.ActivityThread\r\n行数：7015\r\n方法：main\r\n\r\n[第47条记录---------------------]\r\n文件：Method.java\r\n类名：java.lang.reflect.Method\r\n行数：-2\r\n方法：invoke\r\n\r\n[第48条记录---------------------]\r\n文件：RuntimeInit.java\r\n类名：com.android.internal.os.RuntimeInit$MethodAndArgsCaller\r\n行数：521\r\n方法：run\r\n\r\n[第49条记录---------------------]\r\n文件：ZygoteInit.java\r\n类名：com.android.internal.os.ZygoteInit\r\n行数：837\r\n方法：main\r\n\r\n--------------------------------\r\n--------------------------------\r\n--------------------------------\r\n'),(62,'2019年02月15日 14:53:45','123333','1','1.0','com.jenking.xiaoyunhui','OPPO','PBEM00','27','8.1.0','>>>>时间：2019年02月15日 14:53:45\n信息：parameter must be a descendant of this view\r\n\n[第1条记录---------------------]\r\n文件：ViewGroup.java\r\n类名：android.view.ViewGroup\r\n行数：6065\r\n方法：offsetRectBetweenParentAndChild\r\n\r\n[第2条记录---------------------]\r\n文件：ViewGroup.java\r\n类名：android.view.ViewGroup\r\n行数：5994\r\n方法：offsetDescendantRectToMyCoords\r\n\r\n[第3条记录---------------------]\r\n文件：ScrollView.java\r\n类名：android.widget.ScrollView\r\n行数：1224\r\n方法：isWithinDeltaOfScreen\r\n\r\n[第4条记录---------------------]\r\n文件：ScrollView.java\r\n类名：android.widget.ScrollView\r\n行数：1647\r\n方法：onSizeChanged\r\n\r\n[第5条记录---------------------]\r\n文件：View.java\r\n类名：android.view.View\r\n行数：20074\r\n方法：sizeChange\r\n\r\n[第6条记录---------------------]\r\n文件：View.java\r\n类名：android.view.View\r\n行数：20035\r\n方法：setFrame\r\n\r\n[第7条记录---------------------]\r\n文件：View.java\r\n类名：android.view.View\r\n行数：19938\r\n方法：layout\r\n\r\n[第8条记录---------------------]\r\n文件：ViewGroup.java\r\n类名：android.view.ViewGroup\r\n行数：6181\r\n方法：layout\r\n\r\n[第9条记录---------------------]\r\n文件：RelativeLayout.java\r\n类名：android.widget.RelativeLayout\r\n行数：1083\r\n方法：onLayout\r\n\r\n[第10条记录---------------------]\r\n文件：View.java\r\n类名：android.view.View\r\n行数：19941\r\n方法：layout\r\n\r\n[第11条记录---------------------]\r\n文件：ViewGroup.java\r\n类名：android.view.ViewGroup\r\n行数：6181\r\n方法：layout\r\n\r\n[第12条记录---------------------]\r\n文件：FrameLayout.java\r\n类名：android.widget.FrameLayout\r\n行数：323\r\n方法：layoutChildren\r\n\r\n[第13条记录---------------------]\r\n文件：FrameLayout.java\r\n类名：android.widget.FrameLayout\r\n行数：261\r\n方法：onLayout\r\n\r\n[第14条记录---------------------]\r\n文件：View.java\r\n类名：android.view.View\r\n行数：19941\r\n方法：layout\r\n\r\n[第15条记录---------------------]\r\n文件：ViewGroup.java\r\n类名：android.view.ViewGroup\r\n行数：6181\r\n方法：layout\r\n\r\n[第16条记录---------------------]\r\n文件：LinearLayout.java\r\n类名：android.widget.LinearLayout\r\n行数：1807\r\n方法：setChildFrame\r\n\r\n[第17条记录---------------------]\r\n文件：LinearLayout.java\r\n类名：android.widget.LinearLayout\r\n行数：1635\r\n方法：layoutVertical\r\n\r\n[第18条记录---------------------]\r\n文件：LinearLayout.java\r\n类名：android.widget.LinearLayout\r\n行数：1544\r\n方法：onLayout\r\n\r\n[第19条记录---------------------]\r\n文件：View.java\r\n类名：android.view.View\r\n行数：19941\r\n方法：layout\r\n\r\n[第20条记录---------------------]\r\n文件：ViewGroup.java\r\n类名：android.view.ViewGroup\r\n行数：6181\r\n方法：layout\r\n\r\n[第21条记录---------------------]\r\n文件：FrameLayout.java\r\n类名：android.widget.FrameLayout\r\n行数：323\r\n方法：layoutChildren\r\n\r\n[第22条记录---------------------]\r\n文件：FrameLayout.java\r\n类名：android.widget.FrameLayout\r\n行数：261\r\n方法：onLayout\r\n\r\n[第23条记录---------------------]\r\n文件：View.java\r\n类名：android.view.View\r\n行数：19941\r\n方法：layout\r\n\r\n[第24条记录---------------------]\r\n文件：ViewGroup.java\r\n类名：android.view.ViewGroup\r\n行数：6181\r\n方法：layout\r\n\r\n[第25条记录---------------------]\r\n文件：LinearLayout.java\r\n类名：android.widget.LinearLayout\r\n行数：1807\r\n方法：setChildFrame\r\n\r\n[第26条记录---------------------]\r\n文件：LinearLayout.java\r\n类名：android.widget.LinearLayout\r\n行数：1635\r\n方法：layoutVertical\r\n\r\n[第27条记录---------------------]\r\n文件：LinearLayout.java\r\n类名：android.widget.LinearLayout\r\n行数：1544\r\n方法：onLayout\r\n\r\n[第28条记录---------------------]\r\n文件：View.java\r\n类名：android.view.View\r\n行数：19941\r\n方法：layout\r\n\r\n[第29条记录---------------------]\r\n文件：ViewGroup.java\r\n类名：android.view.ViewGroup\r\n行数：6181\r\n方法：layout\r\n\r\n[第30条记录---------------------]\r\n文件：FrameLayout.java\r\n类名：android.widget.FrameLayout\r\n行数：323\r\n方法：layoutChildren\r\n\r\n[第31条记录---------------------]\r\n文件：FrameLayout.java\r\n类名：android.widget.FrameLayout\r\n行数：261\r\n方法：onLayout\r\n\r\n[第32条记录---------------------]\r\n文件：DecorView.java\r\n类名：com.android.internal.policy.DecorView\r\n行数：873\r\n方法：onLayout\r\n\r\n[第33条记录---------------------]\r\n文件：View.java\r\n类名：android.view.View\r\n行数：19941\r\n方法：layout\r\n\r\n[第34条记录---------------------]\r\n文件：ViewGroup.java\r\n类名：android.view.ViewGroup\r\n行数：6181\r\n方法：layout\r\n\r\n[第35条记录---------------------]\r\n文件：ViewRootImpl.java\r\n类名：android.view.ViewRootImpl\r\n行数：2832\r\n方法：performLayout\r\n\r\n[第36条记录---------------------]\r\n文件：ViewRootImpl.java\r\n类名：android.view.ViewRootImpl\r\n行数：2497\r\n方法：performTraversals\r\n\r\n[第37条记录---------------------]\r\n文件：ViewRootImpl.java\r\n类名：android.view.ViewRootImpl\r\n行数：1626\r\n方法：doTraversal\r\n\r\n[第38条记录---------------------]\r\n文件：ViewRootImpl.java\r\n类名：android.view.ViewRootImpl$TraversalRunnable\r\n行数：7406\r\n方法：run\r\n\r\n[第39条记录---------------------]\r\n文件：Choreographer.java\r\n类名：android.view.Choreographer$CallbackRecord\r\n行数：1005\r\n方法：run\r\n\r\n[第40条记录---------------------]\r\n文件：Choreographer.java\r\n类名：android.view.Choreographer\r\n行数：817\r\n方法：doCallbacks\r\n\r\n[第41条记录---------------------]\r\n文件：Choreographer.java\r\n类名：android.view.Choreographer\r\n行数：752\r\n方法：doFrame\r\n\r\n[第42条记录---------------------]\r\n文件：Choreographer.java\r\n类名：android.view.Choreographer$FrameDisplayEventReceiver\r\n行数：991\r\n方法：run\r\n\r\n[第43条记录---------------------]\r\n文件：Handler.java\r\n类名：android.os.Handler\r\n行数：790\r\n方法：handleCallback\r\n\r\n[第44条记录---------------------]\r\n文件：Handler.java\r\n类名：android.os.Handler\r\n行数：99\r\n方法：dispatchMessage\r\n\r\n[第45条记录---------------------]\r\n文件：Looper.java\r\n类名：android.os.Looper\r\n行数：198\r\n方法：loop\r\n\r\n[第46条记录---------------------]\r\n文件：ActivityThread.java\r\n类名：android.app.ActivityThread\r\n行数：7015\r\n方法：main\r\n\r\n[第47条记录---------------------]\r\n文件：Method.java\r\n类名：java.lang.reflect.Method\r\n行数：-2\r\n方法：invoke\r\n\r\n[第48条记录---------------------]\r\n文件：RuntimeInit.java\r\n类名：com.android.internal.os.RuntimeInit$MethodAndArgsCaller\r\n行数：521\r\n方法：run\r\n\r\n[第49条记录---------------------]\r\n文件：ZygoteInit.java\r\n类名：com.android.internal.os.ZygoteInit\r\n行数：837\r\n方法：main\r\n\r\n--------------------------------\r\n--------------------------------\r\n--------------------------------\r\n'),(63,'2019年02月16日 01:16:02','123333','1','1.0','com.jenking.xiaoyunhui','OPPO','PBEM00','27','8.1.0','>>>>时间：2019年02月16日 01:16:02\n信息：Attempt to invoke interface method \'org.xutils.common.task.AbsTask org.xutils.common.TaskController.start(org.xutils.common.task.AbsTask)\' on a null object reference\r\n\n[第1条记录---------------------]\r\n文件：HttpManagerImpl.java\r\n类名：org.xutils.http.HttpManagerImpl\r\n行数：50\r\n方法：request\r\n\r\n[第2条记录---------------------]\r\n文件：HttpManagerImpl.java\r\n类名：org.xutils.http.HttpManagerImpl\r\n行数：39\r\n方法：post\r\n\r\n[第3条记录---------------------]\r\n文件：TeamCreateActivity.java\r\n类名：com.jenking.xiaoyunhui.activity.TeamCreateActivity\r\n行数：172\r\n方法：uploadFile\r\n\r\n[第4条记录---------------------]\r\n文件：TeamCreateActivity.java\r\n类名：com.jenking.xiaoyunhui.activity.TeamCreateActivity\r\n行数：129\r\n方法：submit\r\n\r\n[第5条记录---------------------]\r\n文件：TeamCreateActivity_ViewBinding.java\r\n类名：com.jenking.xiaoyunhui.activity.TeamCreateActivity_ViewBinding$4\r\n行数：72\r\n方法：doClick\r\n\r\n[第6条记录---------------------]\r\n文件：DebouncingOnClickListener.java\r\n类名：butterknife.internal.DebouncingOnClickListener\r\n行数：22\r\n方法：onClick\r\n\r\n[第7条记录---------------------]\r\n文件：View.java\r\n类名：android.view.View\r\n行数：6407\r\n方法：performClick\r\n\r\n[第8条记录---------------------]\r\n文件：View.java\r\n类名：android.view.View$PerformClick\r\n行数：25175\r\n方法：run\r\n\r\n[第9条记录---------------------]\r\n文件：Handler.java\r\n类名：android.os.Handler\r\n行数：790\r\n方法：handleCallback\r\n\r\n[第10条记录---------------------]\r\n文件：Handler.java\r\n类名：android.os.Handler\r\n行数：99\r\n方法：dispatchMessage\r\n\r\n[第11条记录---------------------]\r\n文件：Looper.java\r\n类名：android.os.Looper\r\n行数：198\r\n方法：loop\r\n\r\n[第12条记录---------------------]\r\n文件：ActivityThread.java\r\n类名：android.app.ActivityThread\r\n行数：7015\r\n方法：main\r\n\r\n[第13条记录---------------------]\r\n文件：Method.java\r\n类名：java.lang.reflect.Method\r\n行数：-2\r\n方法：invoke\r\n\r\n[第14条记录---------------------]\r\n文件：RuntimeInit.java\r\n类名：com.android.internal.os.RuntimeInit$MethodAndArgsCaller\r\n行数：521\r\n方法：run\r\n\r\n[第15条记录---------------------]\r\n文件：ZygoteInit.java\r\n类名：com.android.internal.os.ZygoteInit\r\n行数：837\r\n方法：main\r\n\r\n--------------------------------\r\n--------------------------------\r\n--------------------------------\r\n'),(64,'2019年02月16日 12:13:20','123333','1','1.0','com.jenking.xiaoyunhui','OnePlus','ONEPLUS A6000','28','9','>>>>时间：2019年02月16日 12:13:20\n信息：Failed resolution of: Ljava/awt/Color;\r\n\n[第1条记录---------------------]\r\n文件：HSSFColor.java\r\n类名：org.apache.poi.hssf.util.HSSFColor$HSSFColorPredefined\r\n行数：113\r\n方法：<init>\r\n\r\n[第2条记录---------------------]\r\n文件：HSSFColor.java\r\n类名：org.apache.poi.hssf.util.HSSFColor$HSSFColorPredefined\r\n行数：55\r\n方法：<clinit>\r\n\r\n[第3条记录---------------------]\r\n文件：InternalWorkbook.java\r\n类名：org.apache.poi.hssf.model.InternalWorkbook\r\n行数：1422\r\n方法：createExtendedFormat\r\n\r\n[第4条记录---------------------]\r\n文件：InternalWorkbook.java\r\n类名：org.apache.poi.hssf.model.InternalWorkbook\r\n行数：908\r\n方法：createCellXF\r\n\r\n[第5条记录---------------------]\r\n文件：HSSFWorkbook.java\r\n类名：org.apache.poi.hssf.usermodel.HSSFWorkbook\r\n行数：1266\r\n方法：createCellStyle\r\n\r\n[第6条记录---------------------]\r\n文件：HSSFWorkbook.java\r\n类名：org.apache.poi.hssf.usermodel.HSSFWorkbook\r\n行数：131\r\n方法：createCellStyle\r\n\r\n[第7条记录---------------------]\r\n文件：ExcelTools.java\r\n类名：com.jenking.xiaoyunhui.tools.ExcelTools\r\n行数：193\r\n方法：createBorderedStyle\r\n\r\n[第8条记录---------------------]\r\n文件：ExcelTools.java\r\n类名：com.jenking.xiaoyunhui.tools.ExcelTools\r\n行数：145\r\n方法：creatCellStyles\r\n\r\n[第9条记录---------------------]\r\n文件：ExcelTools.java\r\n类名：com.jenking.xiaoyunhui.tools.ExcelTools\r\n行数：44\r\n方法：writeExecleToFile\r\n\r\n[第10条记录---------------------]\r\n文件：ScoreShowActivity.java\r\n类名：com.jenking.xiaoyunhui.activity.ScoreShowActivity\r\n行数：105\r\n方法：footer\r\n\r\n[第11条记录---------------------]\r\n文件：ScoreShowActivity_ViewBinding.java\r\n类名：com.jenking.xiaoyunhui.activity.ScoreShowActivity_ViewBinding$3\r\n行数：69\r\n方法：doClick\r\n\r\n[第12条记录---------------------]\r\n文件：DebouncingOnClickListener.java\r\n类名：butterknife.internal.DebouncingOnClickListener\r\n行数：22\r\n方法：onClick\r\n\r\n[第13条记录---------------------]\r\n文件：View.java\r\n类名：android.view.View\r\n行数：6669\r\n方法：performClick\r\n\r\n[第14条记录---------------------]\r\n文件：View.java\r\n类名：android.view.View\r\n行数：6638\r\n方法：performClickInternal\r\n\r\n[第15条记录---------------------]\r\n文件：View.java\r\n类名：android.view.View\r\n行数：789\r\n方法：access$3100\r\n\r\n[第16条记录---------------------]\r\n文件：View.java\r\n类名：android.view.View$PerformClick\r\n行数：26145\r\n方法：run\r\n\r\n[第17条记录---------------------]\r\n文件：Handler.java\r\n类名：android.os.Handler\r\n行数：873\r\n方法：handleCallback\r\n\r\n[第18条记录---------------------]\r\n文件：Handler.java\r\n类名：android.os.Handler\r\n行数：99\r\n方法：dispatchMessage\r\n\r\n[第19条记录---------------------]\r\n文件：Looper.java\r\n类名：android.os.Looper\r\n行数：193\r\n方法：loop\r\n\r\n[第20条记录---------------------]\r\n文件：ActivityThread.java\r\n类名：android.app.ActivityThread\r\n行数：6863\r\n方法：main\r\n\r\n[第21条记录---------------------]\r\n文件：Method.java\r\n类名：java.lang.reflect.Method\r\n行数：-2\r\n方法：invoke\r\n\r\n[第22条记录---------------------]\r\n文件：RuntimeInit.java\r\n类名：com.android.internal.os.RuntimeInit$MethodAndArgsCaller\r\n行数：537\r\n方法：run\r\n\r\n[第23条记录---------------------]\r\n文件：ZygoteInit.java\r\n类名：com.android.internal.os.ZygoteInit\r\n行数：858\r\n方法：main\r\n\r\n--------------------------------\r\n--------------------------------\r\n--------------------------------\r\n'),(65,'2019年02月16日 12:19:39','123333','1','1.0','com.jenking.xiaoyunhui','OnePlus','ONEPLUS A6000','28','9','>>>>时间：2019年02月16日 12:19:39\n信息：Failed resolution of: Ljava/awt/Color;\r\n\n[第1条记录---------------------]\r\n文件：HSSFColor.java\r\n类名：org.apache.poi.hssf.util.HSSFColor$HSSFColorPredefined\r\n行数：113\r\n方法：<init>\r\n\r\n[第2条记录---------------------]\r\n文件：HSSFColor.java\r\n类名：org.apache.poi.hssf.util.HSSFColor$HSSFColorPredefined\r\n行数：55\r\n方法：<clinit>\r\n\r\n[第3条记录---------------------]\r\n文件：InternalWorkbook.java\r\n类名：org.apache.poi.hssf.model.InternalWorkbook\r\n行数：1422\r\n方法：createExtendedFormat\r\n\r\n[第4条记录---------------------]\r\n文件：InternalWorkbook.java\r\n类名：org.apache.poi.hssf.model.InternalWorkbook\r\n行数：908\r\n方法：createCellXF\r\n\r\n[第5条记录---------------------]\r\n文件：HSSFWorkbook.java\r\n类名：org.apache.poi.hssf.usermodel.HSSFWorkbook\r\n行数：1266\r\n方法：createCellStyle\r\n\r\n[第6条记录---------------------]\r\n文件：HSSFWorkbook.java\r\n类名：org.apache.poi.hssf.usermodel.HSSFWorkbook\r\n行数：131\r\n方法：createCellStyle\r\n\r\n[第7条记录---------------------]\r\n文件：ExcelTools.java\r\n类名：com.jenking.xiaoyunhui.tools.ExcelTools\r\n行数：193\r\n方法：createBorderedStyle\r\n\r\n[第8条记录---------------------]\r\n文件：ExcelTools.java\r\n类名：com.jenking.xiaoyunhui.tools.ExcelTools\r\n行数：145\r\n方法：creatCellStyles\r\n\r\n[第9条记录---------------------]\r\n文件：ExcelTools.java\r\n类名：com.jenking.xiaoyunhui.tools.ExcelTools\r\n行数：44\r\n方法：writeExecleToFile\r\n\r\n[第10条记录---------------------]\r\n文件：ScoreShowActivity.java\r\n类名：com.jenking.xiaoyunhui.activity.ScoreShowActivity\r\n行数：105\r\n方法：footer\r\n\r\n[第11条记录---------------------]\r\n文件：ScoreShowActivity_ViewBinding.java\r\n类名：com.jenking.xiaoyunhui.activity.ScoreShowActivity_ViewBinding$3\r\n行数：69\r\n方法：doClick\r\n\r\n[第12条记录---------------------]\r\n文件：DebouncingOnClickListener.java\r\n类名：butterknife.internal.DebouncingOnClickListener\r\n行数：22\r\n方法：onClick\r\n\r\n[第13条记录---------------------]\r\n文件：View.java\r\n类名：android.view.View\r\n行数：6669\r\n方法：performClick\r\n\r\n[第14条记录---------------------]\r\n文件：View.java\r\n类名：android.view.View\r\n行数：6638\r\n方法：performClickInternal\r\n\r\n[第15条记录---------------------]\r\n文件：View.java\r\n类名：android.view.View\r\n行数：789\r\n方法：access$3100\r\n\r\n[第16条记录---------------------]\r\n文件：View.java\r\n类名：android.view.View$PerformClick\r\n行数：26145\r\n方法：run\r\n\r\n[第17条记录---------------------]\r\n文件：Handler.java\r\n类名：android.os.Handler\r\n行数：873\r\n方法：handleCallback\r\n\r\n[第18条记录---------------------]\r\n文件：Handler.java\r\n类名：android.os.Handler\r\n行数：99\r\n方法：dispatchMessage\r\n\r\n[第19条记录---------------------]\r\n文件：Looper.java\r\n类名：android.os.Looper\r\n行数：193\r\n方法：loop\r\n\r\n[第20条记录---------------------]\r\n文件：ActivityThread.java\r\n类名：android.app.ActivityThread\r\n行数：6863\r\n方法：main\r\n\r\n[第21条记录---------------------]\r\n文件：Method.java\r\n类名：java.lang.reflect.Method\r\n行数：-2\r\n方法：invoke\r\n\r\n[第22条记录---------------------]\r\n文件：RuntimeInit.java\r\n类名：com.android.internal.os.RuntimeInit$MethodAndArgsCaller\r\n行数：537\r\n方法：run\r\n\r\n[第23条记录---------------------]\r\n文件：ZygoteInit.java\r\n类名：com.android.internal.os.ZygoteInit\r\n行数：858\r\n方法：main\r\n\r\n--------------------------------\r\n--------------------------------\r\n--------------------------------\r\n'),(66,'2019年02月16日 12:26:36','123333','1','1.0','com.jenking.xiaoyunhui','OnePlus','ONEPLUS A6000','28','9','>>>>时间：2019年02月16日 12:26:36\n信息：Failed resolution of: Ljava/awt/Color;\r\n\n[第1条记录---------------------]\r\n文件：HSSFColor.java\r\n类名：org.apache.poi.hssf.util.HSSFColor$HSSFColorPredefined\r\n行数：113\r\n方法：<init>\r\n\r\n[第2条记录---------------------]\r\n文件：HSSFColor.java\r\n类名：org.apache.poi.hssf.util.HSSFColor$HSSFColorPredefined\r\n行数：55\r\n方法：<clinit>\r\n\r\n[第3条记录---------------------]\r\n文件：InternalWorkbook.java\r\n类名：org.apache.poi.hssf.model.InternalWorkbook\r\n行数：1422\r\n方法：createExtendedFormat\r\n\r\n[第4条记录---------------------]\r\n文件：InternalWorkbook.java\r\n类名：org.apache.poi.hssf.model.InternalWorkbook\r\n行数：908\r\n方法：createCellXF\r\n\r\n[第5条记录---------------------]\r\n文件：HSSFWorkbook.java\r\n类名：org.apache.poi.hssf.usermodel.HSSFWorkbook\r\n行数：1266\r\n方法：createCellStyle\r\n\r\n[第6条记录---------------------]\r\n文件：HSSFWorkbook.java\r\n类名：org.apache.poi.hssf.usermodel.HSSFWorkbook\r\n行数：131\r\n方法：createCellStyle\r\n\r\n[第7条记录---------------------]\r\n文件：ExcelTools.java\r\n类名：com.jenking.xiaoyunhui.tools.ExcelTools\r\n行数：193\r\n方法：createBorderedStyle\r\n\r\n[第8条记录---------------------]\r\n文件：ExcelTools.java\r\n类名：com.jenking.xiaoyunhui.tools.ExcelTools\r\n行数：145\r\n方法：creatCellStyles\r\n\r\n[第9条记录---------------------]\r\n文件：ExcelTools.java\r\n类名：com.jenking.xiaoyunhui.tools.ExcelTools\r\n行数：44\r\n方法：writeExecleToFile\r\n\r\n[第10条记录---------------------]\r\n文件：ScoreShowActivity.java\r\n类名：com.jenking.xiaoyunhui.activity.ScoreShowActivity\r\n行数：105\r\n方法：footer\r\n\r\n[第11条记录---------------------]\r\n文件：ScoreShowActivity_ViewBinding.java\r\n类名：com.jenking.xiaoyunhui.activity.ScoreShowActivity_ViewBinding$3\r\n行数：69\r\n方法：doClick\r\n\r\n[第12条记录---------------------]\r\n文件：DebouncingOnClickListener.java\r\n类名：butterknife.internal.DebouncingOnClickListener\r\n行数：22\r\n方法：onClick\r\n\r\n[第13条记录---------------------]\r\n文件：View.java\r\n类名：android.view.View\r\n行数：6669\r\n方法：performClick\r\n\r\n[第14条记录---------------------]\r\n文件：View.java\r\n类名：android.view.View\r\n行数：6638\r\n方法：performClickInternal\r\n\r\n[第15条记录---------------------]\r\n文件：View.java\r\n类名：android.view.View\r\n行数：789\r\n方法：access$3100\r\n\r\n[第16条记录---------------------]\r\n文件：View.java\r\n类名：android.view.View$PerformClick\r\n行数：26145\r\n方法：run\r\n\r\n[第17条记录---------------------]\r\n文件：Handler.java\r\n类名：android.os.Handler\r\n行数：873\r\n方法：handleCallback\r\n\r\n[第18条记录---------------------]\r\n文件：Handler.java\r\n类名：android.os.Handler\r\n行数：99\r\n方法：dispatchMessage\r\n\r\n[第19条记录---------------------]\r\n文件：Looper.java\r\n类名：android.os.Looper\r\n行数：193\r\n方法：loop\r\n\r\n[第20条记录---------------------]\r\n文件：ActivityThread.java\r\n类名：android.app.ActivityThread\r\n行数：6863\r\n方法：main\r\n\r\n[第21条记录---------------------]\r\n文件：Method.java\r\n类名：java.lang.reflect.Method\r\n行数：-2\r\n方法：invoke\r\n\r\n[第22条记录---------------------]\r\n文件：RuntimeInit.java\r\n类名：com.android.internal.os.RuntimeInit$MethodAndArgsCaller\r\n行数：537\r\n方法：run\r\n\r\n[第23条记录---------------------]\r\n文件：ZygoteInit.java\r\n类名：com.android.internal.os.ZygoteInit\r\n行数：858\r\n方法：main\r\n\r\n--------------------------------\r\n--------------------------------\r\n--------------------------------\r\n'),(67,'2019年02月16日 12:28:57','123333','1','1.0','com.jenking.xiaoyunhui','OnePlus','ONEPLUS A6000','28','9','>>>>时间：2019年02月16日 12:28:57\n信息：Failed resolution of: Ljava/awt/Color;\r\n\n[第1条记录---------------------]\r\n文件：HSSFColor.java\r\n类名：org.apache.poi.hssf.util.HSSFColor$HSSFColorPredefined\r\n行数：113\r\n方法：<init>\r\n\r\n[第2条记录---------------------]\r\n文件：HSSFColor.java\r\n类名：org.apache.poi.hssf.util.HSSFColor$HSSFColorPredefined\r\n行数：55\r\n方法：<clinit>\r\n\r\n[第3条记录---------------------]\r\n文件：InternalWorkbook.java\r\n类名：org.apache.poi.hssf.model.InternalWorkbook\r\n行数：1422\r\n方法：createExtendedFormat\r\n\r\n[第4条记录---------------------]\r\n文件：InternalWorkbook.java\r\n类名：org.apache.poi.hssf.model.InternalWorkbook\r\n行数：908\r\n方法：createCellXF\r\n\r\n[第5条记录---------------------]\r\n文件：HSSFWorkbook.java\r\n类名：org.apache.poi.hssf.usermodel.HSSFWorkbook\r\n行数：1266\r\n方法：createCellStyle\r\n\r\n[第6条记录---------------------]\r\n文件：HSSFWorkbook.java\r\n类名：org.apache.poi.hssf.usermodel.HSSFWorkbook\r\n行数：131\r\n方法：createCellStyle\r\n\r\n[第7条记录---------------------]\r\n文件：ExcelTools.java\r\n类名：com.jenking.xiaoyunhui.tools.ExcelTools\r\n行数：193\r\n方法：createBorderedStyle\r\n\r\n[第8条记录---------------------]\r\n文件：ExcelTools.java\r\n类名：com.jenking.xiaoyunhui.tools.ExcelTools\r\n行数：145\r\n方法：creatCellStyles\r\n\r\n[第9条记录---------------------]\r\n文件：ExcelTools.java\r\n类名：com.jenking.xiaoyunhui.tools.ExcelTools\r\n行数：44\r\n方法：writeExecleToFile\r\n\r\n[第10条记录---------------------]\r\n文件：ScoreShowActivity.java\r\n类名：com.jenking.xiaoyunhui.activity.ScoreShowActivity\r\n行数：105\r\n方法：footer\r\n\r\n[第11条记录---------------------]\r\n文件：ScoreShowActivity_ViewBinding.java\r\n类名：com.jenking.xiaoyunhui.activity.ScoreShowActivity_ViewBinding$3\r\n行数：69\r\n方法：doClick\r\n\r\n[第12条记录---------------------]\r\n文件：DebouncingOnClickListener.java\r\n类名：butterknife.internal.DebouncingOnClickListener\r\n行数：22\r\n方法：onClick\r\n\r\n[第13条记录---------------------]\r\n文件：View.java\r\n类名：android.view.View\r\n行数：6669\r\n方法：performClick\r\n\r\n[第14条记录---------------------]\r\n文件：View.java\r\n类名：android.view.View\r\n行数：6638\r\n方法：performClickInternal\r\n\r\n[第15条记录---------------------]\r\n文件：View.java\r\n类名：android.view.View\r\n行数：789\r\n方法：access$3100\r\n\r\n[第16条记录---------------------]\r\n文件：View.java\r\n类名：android.view.View$PerformClick\r\n行数：26145\r\n方法：run\r\n\r\n[第17条记录---------------------]\r\n文件：Handler.java\r\n类名：android.os.Handler\r\n行数：873\r\n方法：handleCallback\r\n\r\n[第18条记录---------------------]\r\n文件：Handler.java\r\n类名：android.os.Handler\r\n行数：99\r\n方法：dispatchMessage\r\n\r\n[第19条记录---------------------]\r\n文件：Looper.java\r\n类名：android.os.Looper\r\n行数：193\r\n方法：loop\r\n\r\n[第20条记录---------------------]\r\n文件：ActivityThread.java\r\n类名：android.app.ActivityThread\r\n行数：6863\r\n方法：main\r\n\r\n[第21条记录---------------------]\r\n文件：Method.java\r\n类名：java.lang.reflect.Method\r\n行数：-2\r\n方法：invoke\r\n\r\n[第22条记录---------------------]\r\n文件：RuntimeInit.java\r\n类名：com.android.internal.os.RuntimeInit$MethodAndArgsCaller\r\n行数：537\r\n方法：run\r\n\r\n[第23条记录---------------------]\r\n文件：ZygoteInit.java\r\n类名：com.android.internal.os.ZygoteInit\r\n行数：858\r\n方法：main\r\n\r\n--------------------------------\r\n--------------------------------\r\n--------------------------------\r\n'),(68,'2019年02月16日 13:20:01','123333','1','1.0','com.jenking.xiaoyunhui','OnePlus','ONEPLUS A6000','28','9','>>>>时间：2019年02月16日 13:20:01\n信息：Failed resolution of: Ljava/awt/Color;\r\n\n[第1条记录---------------------]\r\n文件：HSSFColor.java\r\n类名：org.apache.poi.hssf.util.HSSFColor$HSSFColorPredefined\r\n行数：113\r\n方法：<init>\r\n\r\n[第2条记录---------------------]\r\n文件：HSSFColor.java\r\n类名：org.apache.poi.hssf.util.HSSFColor$HSSFColorPredefined\r\n行数：55\r\n方法：<clinit>\r\n\r\n[第3条记录---------------------]\r\n文件：InternalWorkbook.java\r\n类名：org.apache.poi.hssf.model.InternalWorkbook\r\n行数：1422\r\n方法：createExtendedFormat\r\n\r\n[第4条记录---------------------]\r\n文件：InternalWorkbook.java\r\n类名：org.apache.poi.hssf.model.InternalWorkbook\r\n行数：908\r\n方法：createCellXF\r\n\r\n[第5条记录---------------------]\r\n文件：HSSFWorkbook.java\r\n类名：org.apache.poi.hssf.usermodel.HSSFWorkbook\r\n行数：1266\r\n方法：createCellStyle\r\n\r\n[第6条记录---------------------]\r\n文件：HSSFWorkbook.java\r\n类名：org.apache.poi.hssf.usermodel.HSSFWorkbook\r\n行数：131\r\n方法：createCellStyle\r\n\r\n[第7条记录---------------------]\r\n文件：ExcelTools.java\r\n类名：com.jenking.xiaoyunhui.tools.ExcelTools\r\n行数：193\r\n方法：createBorderedStyle\r\n\r\n[第8条记录---------------------]\r\n文件：ExcelTools.java\r\n类名：com.jenking.xiaoyunhui.tools.ExcelTools\r\n行数：145\r\n方法：creatCellStyles\r\n\r\n[第9条记录---------------------]\r\n文件：ExcelTools.java\r\n类名：com.jenking.xiaoyunhui.tools.ExcelTools\r\n行数：44\r\n方法：writeExecleToFile\r\n\r\n[第10条记录---------------------]\r\n文件：ScoreShowActivity.java\r\n类名：com.jenking.xiaoyunhui.activity.ScoreShowActivity\r\n行数：105\r\n方法：footer\r\n\r\n[第11条记录---------------------]\r\n文件：ScoreShowActivity_ViewBinding.java\r\n类名：com.jenking.xiaoyunhui.activity.ScoreShowActivity_ViewBinding$3\r\n行数：69\r\n方法：doClick\r\n\r\n[第12条记录---------------------]\r\n文件：DebouncingOnClickListener.java\r\n类名：butterknife.internal.DebouncingOnClickListener\r\n行数：22\r\n方法：onClick\r\n\r\n[第13条记录---------------------]\r\n文件：View.java\r\n类名：android.view.View\r\n行数：6669\r\n方法：performClick\r\n\r\n[第14条记录---------------------]\r\n文件：View.java\r\n类名：android.view.View\r\n行数：6638\r\n方法：performClickInternal\r\n\r\n[第15条记录---------------------]\r\n文件：View.java\r\n类名：android.view.View\r\n行数：789\r\n方法：access$3100\r\n\r\n[第16条记录---------------------]\r\n文件：View.java\r\n类名：android.view.View$PerformClick\r\n行数：26145\r\n方法：run\r\n\r\n[第17条记录---------------------]\r\n文件：Handler.java\r\n类名：android.os.Handler\r\n行数：873\r\n方法：handleCallback\r\n\r\n[第18条记录---------------------]\r\n文件：Handler.java\r\n类名：android.os.Handler\r\n行数：99\r\n方法：dispatchMessage\r\n\r\n[第19条记录---------------------]\r\n文件：Looper.java\r\n类名：android.os.Looper\r\n行数：193\r\n方法：loop\r\n\r\n[第20条记录---------------------]\r\n文件：ActivityThread.java\r\n类名：android.app.ActivityThread\r\n行数：6863\r\n方法：main\r\n\r\n[第21条记录---------------------]\r\n文件：Method.java\r\n类名：java.lang.reflect.Method\r\n行数：-2\r\n方法：invoke\r\n\r\n[第22条记录---------------------]\r\n文件：RuntimeInit.java\r\n类名：com.android.internal.os.RuntimeInit$MethodAndArgsCaller\r\n行数：537\r\n方法：run\r\n\r\n[第23条记录---------------------]\r\n文件：ZygoteInit.java\r\n类名：com.android.internal.os.ZygoteInit\r\n行数：858\r\n方法：main\r\n\r\n--------------------------------\r\n--------------------------------\r\n--------------------------------\r\n'),(69,'2019年02月16日 23:27:55','123333','1','1.0','com.jenking.xiaoyunhui','OPPO','PBEM00','27','8.1.0','>>>>时间：2019年02月16日 23:27:55\n信息：Fatal Exception thrown on Scheduler.\r\n\n[第1条记录---------------------]\r\n文件：HandlerScheduler.java\r\n类名：io.reactivex.android.schedulers.HandlerScheduler$ScheduledRunnable\r\n行数：111\r\n方法：run\r\n\r\n[第2条记录---------------------]\r\n文件：Handler.java\r\n类名：android.os.Handler\r\n行数：790\r\n方法：handleCallback\r\n\r\n[第3条记录---------------------]\r\n文件：Handler.java\r\n类名：android.os.Handler\r\n行数：99\r\n方法：dispatchMessage\r\n\r\n[第4条记录---------------------]\r\n文件：Looper.java\r\n类名：android.os.Looper\r\n行数：198\r\n方法：loop\r\n\r\n[第5条记录---------------------]\r\n文件：ActivityThread.java\r\n类名：android.app.ActivityThread\r\n行数：7015\r\n方法：main\r\n\r\n[第6条记录---------------------]\r\n文件：Method.java\r\n类名：java.lang.reflect.Method\r\n行数：-2\r\n方法：invoke\r\n\r\n[第7条记录---------------------]\r\n文件：RuntimeInit.java\r\n类名：com.android.internal.os.RuntimeInit$MethodAndArgsCaller\r\n行数：521\r\n方法：run\r\n\r\n[第8条记录---------------------]\r\n文件：ZygoteInit.java\r\n类名：com.android.internal.os.ZygoteInit\r\n行数：837\r\n方法：main\r\n\r\n--------------------------------\r\n--------------------------------\r\n--------------------------------\r\n'),(70,'2019年02月17日 00:13:10','123333','1','1.0','com.jenking.xiaoyunhui','OPPO','PBEM00','27','8.1.0','>>>>时间：2019年02月17日 00:13:10\n信息：Attempt to invoke interface method \'org.xutils.common.task.AbsTask org.xutils.common.TaskController.start(org.xutils.common.task.AbsTask)\' on a null object reference\r\n\n[第1条记录---------------------]\r\n文件：HttpManagerImpl.java\r\n类名：org.xutils.http.HttpManagerImpl\r\n行数：50\r\n方法：request\r\n\r\n[第2条记录---------------------]\r\n文件：HttpManagerImpl.java\r\n类名：org.xutils.http.HttpManagerImpl\r\n行数：39\r\n方法：post\r\n\r\n[第3条记录---------------------]\r\n文件：CreateMatchActivity.java\r\n类名：com.jenking.xiaoyunhui.activity.CreateMatchActivity\r\n行数：226\r\n方法：uploadFile\r\n\r\n[第4条记录---------------------]\r\n文件：CreateMatchActivity.java\r\n类名：com.jenking.xiaoyunhui.activity.CreateMatchActivity\r\n行数：394\r\n方法：checkInfoAndSubmit\r\n\r\n[第5条记录---------------------]\r\n文件：CreateMatchActivity.java\r\n类名：com.jenking.xiaoyunhui.activity.CreateMatchActivity\r\n行数：115\r\n方法：onClick\r\n\r\n[第6条记录---------------------]\r\n文件：CreateMatchActivity_ViewBinding.java\r\n类名：com.jenking.xiaoyunhui.activity.CreateMatchActivity_ViewBinding$7\r\n行数：109\r\n方法：doClick\r\n\r\n[第7条记录---------------------]\r\n文件：DebouncingOnClickListener.java\r\n类名：butterknife.internal.DebouncingOnClickListener\r\n行数：22\r\n方法：onClick\r\n\r\n[第8条记录---------------------]\r\n文件：View.java\r\n类名：android.view.View\r\n行数：6407\r\n方法：performClick\r\n\r\n[第9条记录---------------------]\r\n文件：View.java\r\n类名：android.view.View$PerformClick\r\n行数：25175\r\n方法：run\r\n\r\n[第10条记录---------------------]\r\n文件：Handler.java\r\n类名：android.os.Handler\r\n行数：790\r\n方法：handleCallback\r\n\r\n[第11条记录---------------------]\r\n文件：Handler.java\r\n类名：android.os.Handler\r\n行数：99\r\n方法：dispatchMessage\r\n\r\n[第12条记录---------------------]\r\n文件：Looper.java\r\n类名：android.os.Looper\r\n行数：198\r\n方法：loop\r\n\r\n[第13条记录---------------------]\r\n文件：ActivityThread.java\r\n类名：android.app.ActivityThread\r\n行数：7015\r\n方法：main\r\n\r\n[第14条记录---------------------]\r\n文件：Method.java\r\n类名：java.lang.reflect.Method\r\n行数：-2\r\n方法：invoke\r\n\r\n[第15条记录---------------------]\r\n文件：RuntimeInit.java\r\n类名：com.android.internal.os.RuntimeInit$MethodAndArgsCaller\r\n行数：521\r\n方法：run\r\n\r\n[第16条记录---------------------]\r\n文件：ZygoteInit.java\r\n类名：com.android.internal.os.ZygoteInit\r\n行数：837\r\n方法：main\r\n\r\n--------------------------------\r\n--------------------------------\r\n--------------------------------\r\n'),(71,'2019年02月17日 00:15:50','123333','1','1.0','com.jenking.xiaoyunhui','OPPO','PBEM00','27','8.1.0','>>>>时间：2019年02月17日 00:15:50\n信息：Attempt to invoke interface method \'org.xutils.common.task.AbsTask org.xutils.common.TaskController.start(org.xutils.common.task.AbsTask)\' on a null object reference\r\n\n[第1条记录---------------------]\r\n文件：HttpManagerImpl.java\r\n类名：org.xutils.http.HttpManagerImpl\r\n行数：50\r\n方法：request\r\n\r\n[第2条记录---------------------]\r\n文件：HttpManagerImpl.java\r\n类名：org.xutils.http.HttpManagerImpl\r\n行数：39\r\n方法：post\r\n\r\n[第3条记录---------------------]\r\n文件：CreateMatchActivity.java\r\n类名：com.jenking.xiaoyunhui.activity.CreateMatchActivity\r\n行数：226\r\n方法：uploadFile\r\n\r\n[第4条记录---------------------]\r\n文件：CreateMatchActivity.java\r\n类名：com.jenking.xiaoyunhui.activity.CreateMatchActivity\r\n行数：394\r\n方法：checkInfoAndSubmit\r\n\r\n[第5条记录---------------------]\r\n文件：CreateMatchActivity.java\r\n类名：com.jenking.xiaoyunhui.activity.CreateMatchActivity\r\n行数：115\r\n方法：onClick\r\n\r\n[第6条记录---------------------]\r\n文件：CreateMatchActivity_ViewBinding.java\r\n类名：com.jenking.xiaoyunhui.activity.CreateMatchActivity_ViewBinding$7\r\n行数：109\r\n方法：doClick\r\n\r\n[第7条记录---------------------]\r\n文件：DebouncingOnClickListener.java\r\n类名：butterknife.internal.DebouncingOnClickListener\r\n行数：22\r\n方法：onClick\r\n\r\n[第8条记录---------------------]\r\n文件：View.java\r\n类名：android.view.View\r\n行数：6407\r\n方法：performClick\r\n\r\n[第9条记录---------------------]\r\n文件：View.java\r\n类名：android.view.View$PerformClick\r\n行数：25175\r\n方法：run\r\n\r\n[第10条记录---------------------]\r\n文件：Handler.java\r\n类名：android.os.Handler\r\n行数：790\r\n方法：handleCallback\r\n\r\n[第11条记录---------------------]\r\n文件：Handler.java\r\n类名：android.os.Handler\r\n行数：99\r\n方法：dispatchMessage\r\n\r\n[第12条记录---------------------]\r\n文件：Looper.java\r\n类名：android.os.Looper\r\n行数：198\r\n方法：loop\r\n\r\n[第13条记录---------------------]\r\n文件：ActivityThread.java\r\n类名：android.app.ActivityThread\r\n行数：7015\r\n方法：main\r\n\r\n[第14条记录---------------------]\r\n文件：Method.java\r\n类名：java.lang.reflect.Method\r\n行数：-2\r\n方法：invoke\r\n\r\n[第15条记录---------------------]\r\n文件：RuntimeInit.java\r\n类名：com.android.internal.os.RuntimeInit$MethodAndArgsCaller\r\n行数：521\r\n方法：run\r\n\r\n[第16条记录---------------------]\r\n文件：ZygoteInit.java\r\n类名：com.android.internal.os.ZygoteInit\r\n行数：837\r\n方法：main\r\n\r\n--------------------------------\r\n--------------------------------\r\n--------------------------------\r\n'),(72,'2019年02月17日 00:18:12','123333','1','1.0','com.jenking.xiaoyunhui','OPPO','PBEM00','27','8.1.0','>>>>时间：2019年02月17日 00:18:12\n信息：Attempt to invoke interface method \'org.xutils.common.task.AbsTask org.xutils.common.TaskController.start(org.xutils.common.task.AbsTask)\' on a null object reference\r\n\n[第1条记录---------------------]\r\n文件：HttpManagerImpl.java\r\n类名：org.xutils.http.HttpManagerImpl\r\n行数：50\r\n方法：request\r\n\r\n[第2条记录---------------------]\r\n文件：HttpManagerImpl.java\r\n类名：org.xutils.http.HttpManagerImpl\r\n行数：39\r\n方法：post\r\n\r\n[第3条记录---------------------]\r\n文件：CreateMatchActivity.java\r\n类名：com.jenking.xiaoyunhui.activity.CreateMatchActivity\r\n行数：226\r\n方法：uploadFile\r\n\r\n[第4条记录---------------------]\r\n文件：CreateMatchActivity.java\r\n类名：com.jenking.xiaoyunhui.activity.CreateMatchActivity\r\n行数：394\r\n方法：checkInfoAndSubmit\r\n\r\n[第5条记录---------------------]\r\n文件：CreateMatchActivity.java\r\n类名：com.jenking.xiaoyunhui.activity.CreateMatchActivity\r\n行数：115\r\n方法：onClick\r\n\r\n[第6条记录---------------------]\r\n文件：CreateMatchActivity_ViewBinding.java\r\n类名：com.jenking.xiaoyunhui.activity.CreateMatchActivity_ViewBinding$7\r\n行数：109\r\n方法：doClick\r\n\r\n[第7条记录---------------------]\r\n文件：DebouncingOnClickListener.java\r\n类名：butterknife.internal.DebouncingOnClickListener\r\n行数：22\r\n方法：onClick\r\n\r\n[第8条记录---------------------]\r\n文件：View.java\r\n类名：android.view.View\r\n行数：6407\r\n方法：performClick\r\n\r\n[第9条记录---------------------]\r\n文件：View.java\r\n类名：android.view.View$PerformClick\r\n行数：25175\r\n方法：run\r\n\r\n[第10条记录---------------------]\r\n文件：Handler.java\r\n类名：android.os.Handler\r\n行数：790\r\n方法：handleCallback\r\n\r\n[第11条记录---------------------]\r\n文件：Handler.java\r\n类名：android.os.Handler\r\n行数：99\r\n方法：dispatchMessage\r\n\r\n[第12条记录---------------------]\r\n文件：Looper.java\r\n类名：android.os.Looper\r\n行数：198\r\n方法：loop\r\n\r\n[第13条记录---------------------]\r\n文件：ActivityThread.java\r\n类名：android.app.ActivityThread\r\n行数：7015\r\n方法：main\r\n\r\n[第14条记录---------------------]\r\n文件：Method.java\r\n类名：java.lang.reflect.Method\r\n行数：-2\r\n方法：invoke\r\n\r\n[第15条记录---------------------]\r\n文件：RuntimeInit.java\r\n类名：com.android.internal.os.RuntimeInit$MethodAndArgsCaller\r\n行数：521\r\n方法：run\r\n\r\n[第16条记录---------------------]\r\n文件：ZygoteInit.java\r\n类名：com.android.internal.os.ZygoteInit\r\n行数：837\r\n方法：main\r\n\r\n--------------------------------\r\n--------------------------------\r\n--------------------------------\r\n'),(73,'2019年02月17日 00:19:08','123333','1','1.0','com.jenking.xiaoyunhui','OPPO','PBEM00','27','8.1.0','>>>>时间：2019年02月17日 00:19:08\n信息：Attempt to invoke interface method \'org.xutils.common.task.AbsTask org.xutils.common.TaskController.start(org.xutils.common.task.AbsTask)\' on a null object reference\r\n\n[第1条记录---------------------]\r\n文件：HttpManagerImpl.java\r\n类名：org.xutils.http.HttpManagerImpl\r\n行数：50\r\n方法：request\r\n\r\n[第2条记录---------------------]\r\n文件：HttpManagerImpl.java\r\n类名：org.xutils.http.HttpManagerImpl\r\n行数：39\r\n方法：post\r\n\r\n[第3条记录---------------------]\r\n文件：CreateMatchActivity.java\r\n类名：com.jenking.xiaoyunhui.activity.CreateMatchActivity\r\n行数：226\r\n方法：uploadFile\r\n\r\n[第4条记录---------------------]\r\n文件：CreateMatchActivity.java\r\n类名：com.jenking.xiaoyunhui.activity.CreateMatchActivity\r\n行数：394\r\n方法：checkInfoAndSubmit\r\n\r\n[第5条记录---------------------]\r\n文件：CreateMatchActivity.java\r\n类名：com.jenking.xiaoyunhui.activity.CreateMatchActivity\r\n行数：115\r\n方法：onClick\r\n\r\n[第6条记录---------------------]\r\n文件：CreateMatchActivity_ViewBinding.java\r\n类名：com.jenking.xiaoyunhui.activity.CreateMatchActivity_ViewBinding$7\r\n行数：109\r\n方法：doClick\r\n\r\n[第7条记录---------------------]\r\n文件：DebouncingOnClickListener.java\r\n类名：butterknife.internal.DebouncingOnClickListener\r\n行数：22\r\n方法：onClick\r\n\r\n[第8条记录---------------------]\r\n文件：View.java\r\n类名：android.view.View\r\n行数：6407\r\n方法：performClick\r\n\r\n[第9条记录---------------------]\r\n文件：View.java\r\n类名：android.view.View$PerformClick\r\n行数：25175\r\n方法：run\r\n\r\n[第10条记录---------------------]\r\n文件：Handler.java\r\n类名：android.os.Handler\r\n行数：790\r\n方法：handleCallback\r\n\r\n[第11条记录---------------------]\r\n文件：Handler.java\r\n类名：android.os.Handler\r\n行数：99\r\n方法：dispatchMessage\r\n\r\n[第12条记录---------------------]\r\n文件：Looper.java\r\n类名：android.os.Looper\r\n行数：198\r\n方法：loop\r\n\r\n[第13条记录---------------------]\r\n文件：ActivityThread.java\r\n类名：android.app.ActivityThread\r\n行数：7015\r\n方法：main\r\n\r\n[第14条记录---------------------]\r\n文件：Method.java\r\n类名：java.lang.reflect.Method\r\n行数：-2\r\n方法：invoke\r\n\r\n[第15条记录---------------------]\r\n文件：RuntimeInit.java\r\n类名：com.android.internal.os.RuntimeInit$MethodAndArgsCaller\r\n行数：521\r\n方法：run\r\n\r\n[第16条记录---------------------]\r\n文件：ZygoteInit.java\r\n类名：com.android.internal.os.ZygoteInit\r\n行数：837\r\n方法：main\r\n\r\n--------------------------------\r\n--------------------------------\r\n--------------------------------\r\n'),(74,'2019年02月18日 08:56:36','123333','1','1.0','com.jenking.xiaoyunhui','OnePlus','ONEPLUS A6000','28','9','>>>>时间：2019年02月18日 08:56:36\n信息：Unable to start activity ComponentInfo{com.jenking.xiaoyunhui/com.jenking.xiaoyunhui.activity.MatchDetailActivity}: java.lang.NullPointerException: Attempt to invoke virtual method \'java.lang.String com.jenking.xiaoyunhui.models.base.UserModel.getUser_type()\' on a null object reference\r\n\n[第1条记录---------------------]\r\n文件：ActivityThread.java\r\n类名：android.app.ActivityThread\r\n行数：3037\r\n方法：performLaunchActivity\r\n\r\n[第2条记录---------------------]\r\n文件：ActivityThread.java\r\n类名：android.app.ActivityThread\r\n行数：3172\r\n方法：handleLaunchActivity\r\n\r\n[第3条记录---------------------]\r\n文件：LaunchActivityItem.java\r\n类名：android.app.servertransaction.LaunchActivityItem\r\n行数：78\r\n方法：execute\r\n\r\n[第4条记录---------------------]\r\n文件：TransactionExecutor.java\r\n类名：android.app.servertransaction.TransactionExecutor\r\n行数：108\r\n方法：executeCallbacks\r\n\r\n[第5条记录---------------------]\r\n文件：TransactionExecutor.java\r\n类名：android.app.servertransaction.TransactionExecutor\r\n行数：68\r\n方法：execute\r\n\r\n[第6条记录---------------------]\r\n文件：ActivityThread.java\r\n类名：android.app.ActivityThread$H\r\n行数：1906\r\n方法：handleMessage\r\n\r\n[第7条记录---------------------]\r\n文件：Handler.java\r\n类名：android.os.Handler\r\n行数：106\r\n方法：dispatchMessage\r\n\r\n[第8条记录---------------------]\r\n文件：Looper.java\r\n类名：android.os.Looper\r\n行数：193\r\n方法：loop\r\n\r\n[第9条记录---------------------]\r\n文件：ActivityThread.java\r\n类名：android.app.ActivityThread\r\n行数：6863\r\n方法：main\r\n\r\n[第10条记录---------------------]\r\n文件：Method.java\r\n类名：java.lang.reflect.Method\r\n行数：-2\r\n方法：invoke\r\n\r\n[第11条记录---------------------]\r\n文件：RuntimeInit.java\r\n类名：com.android.internal.os.RuntimeInit$MethodAndArgsCaller\r\n行数：537\r\n方法：run\r\n\r\n[第12条记录---------------------]\r\n文件：ZygoteInit.java\r\n类名：com.android.internal.os.ZygoteInit\r\n行数：858\r\n方法：main\r\n\r\n--------------------------------\r\n--------------------------------\r\n--------------------------------\r\n'),(75,'2019年02月18日 08:56:40','123333','1','1.0','com.jenking.xiaoyunhui','OnePlus','ONEPLUS A6000','28','9','>>>>时间：2019年02月18日 08:56:40\n信息：Unable to start activity ComponentInfo{com.jenking.xiaoyunhui/com.jenking.xiaoyunhui.activity.MatchDetailActivity}: java.lang.NullPointerException: Attempt to invoke virtual method \'java.lang.String com.jenking.xiaoyunhui.models.base.UserModel.getUser_type()\' on a null object reference\r\n\n[第1条记录---------------------]\r\n文件：ActivityThread.java\r\n类名：android.app.ActivityThread\r\n行数：3037\r\n方法：performLaunchActivity\r\n\r\n[第2条记录---------------------]\r\n文件：ActivityThread.java\r\n类名：android.app.ActivityThread\r\n行数：3172\r\n方法：handleLaunchActivity\r\n\r\n[第3条记录---------------------]\r\n文件：LaunchActivityItem.java\r\n类名：android.app.servertransaction.LaunchActivityItem\r\n行数：78\r\n方法：execute\r\n\r\n[第4条记录---------------------]\r\n文件：TransactionExecutor.java\r\n类名：android.app.servertransaction.TransactionExecutor\r\n行数：108\r\n方法：executeCallbacks\r\n\r\n[第5条记录---------------------]\r\n文件：TransactionExecutor.java\r\n类名：android.app.servertransaction.TransactionExecutor\r\n行数：68\r\n方法：execute\r\n\r\n[第6条记录---------------------]\r\n文件：ActivityThread.java\r\n类名：android.app.ActivityThread$H\r\n行数：1906\r\n方法：handleMessage\r\n\r\n[第7条记录---------------------]\r\n文件：Handler.java\r\n类名：android.os.Handler\r\n行数：106\r\n方法：dispatchMessage\r\n\r\n[第8条记录---------------------]\r\n文件：Looper.java\r\n类名：android.os.Looper\r\n行数：193\r\n方法：loop\r\n\r\n[第9条记录---------------------]\r\n文件：ActivityThread.java\r\n类名：android.app.ActivityThread\r\n行数：6863\r\n方法：main\r\n\r\n[第10条记录---------------------]\r\n文件：Method.java\r\n类名：java.lang.reflect.Method\r\n行数：-2\r\n方法：invoke\r\n\r\n[第11条记录---------------------]\r\n文件：RuntimeInit.java\r\n类名：com.android.internal.os.RuntimeInit$MethodAndArgsCaller\r\n行数：537\r\n方法：run\r\n\r\n[第12条记录---------------------]\r\n文件：ZygoteInit.java\r\n类名：com.android.internal.os.ZygoteInit\r\n行数：858\r\n方法：main\r\n\r\n--------------------------------\r\n--------------------------------\r\n--------------------------------\r\n'),(76,'2019年02月18日 08:56:43','123333','1','1.0','com.jenking.xiaoyunhui','OnePlus','ONEPLUS A6000','28','9','>>>>时间：2019年02月18日 08:56:43\n信息：Unable to start activity ComponentInfo{com.jenking.xiaoyunhui/com.jenking.xiaoyunhui.activity.MatchDetailActivity}: java.lang.NullPointerException: Attempt to invoke virtual method \'java.lang.String com.jenking.xiaoyunhui.models.base.UserModel.getUser_type()\' on a null object reference\r\n\n[第1条记录---------------------]\r\n文件：ActivityThread.java\r\n类名：android.app.ActivityThread\r\n行数：3037\r\n方法：performLaunchActivity\r\n\r\n[第2条记录---------------------]\r\n文件：ActivityThread.java\r\n类名：android.app.ActivityThread\r\n行数：3172\r\n方法：handleLaunchActivity\r\n\r\n[第3条记录---------------------]\r\n文件：LaunchActivityItem.java\r\n类名：android.app.servertransaction.LaunchActivityItem\r\n行数：78\r\n方法：execute\r\n\r\n[第4条记录---------------------]\r\n文件：TransactionExecutor.java\r\n类名：android.app.servertransaction.TransactionExecutor\r\n行数：108\r\n方法：executeCallbacks\r\n\r\n[第5条记录---------------------]\r\n文件：TransactionExecutor.java\r\n类名：android.app.servertransaction.TransactionExecutor\r\n行数：68\r\n方法：execute\r\n\r\n[第6条记录---------------------]\r\n文件：ActivityThread.java\r\n类名：android.app.ActivityThread$H\r\n行数：1906\r\n方法：handleMessage\r\n\r\n[第7条记录---------------------]\r\n文件：Handler.java\r\n类名：android.os.Handler\r\n行数：106\r\n方法：dispatchMessage\r\n\r\n[第8条记录---------------------]\r\n文件：Looper.java\r\n类名：android.os.Looper\r\n行数：193\r\n方法：loop\r\n\r\n[第9条记录---------------------]\r\n文件：ActivityThread.java\r\n类名：android.app.ActivityThread\r\n行数：6863\r\n方法：main\r\n\r\n[第10条记录---------------------]\r\n文件：Method.java\r\n类名：java.lang.reflect.Method\r\n行数：-2\r\n方法：invoke\r\n\r\n[第11条记录---------------------]\r\n文件：RuntimeInit.java\r\n类名：com.android.internal.os.RuntimeInit$MethodAndArgsCaller\r\n行数：537\r\n方法：run\r\n\r\n[第12条记录---------------------]\r\n文件：ZygoteInit.java\r\n类名：com.android.internal.os.ZygoteInit\r\n行数：858\r\n方法：main\r\n\r\n--------------------------------\r\n--------------------------------\r\n--------------------------------\r\n'),(77,'2019年02月18日 08:56:47','123333','1','1.0','com.jenking.xiaoyunhui','OnePlus','ONEPLUS A6000','28','9','>>>>时间：2019年02月18日 08:56:47\n信息：Unable to start activity ComponentInfo{com.jenking.xiaoyunhui/com.jenking.xiaoyunhui.activity.MatchDetailActivity}: java.lang.NullPointerException: Attempt to invoke virtual method \'java.lang.String com.jenking.xiaoyunhui.models.base.UserModel.getUser_type()\' on a null object reference\r\n\n[第1条记录---------------------]\r\n文件：ActivityThread.java\r\n类名：android.app.ActivityThread\r\n行数：3037\r\n方法：performLaunchActivity\r\n\r\n[第2条记录---------------------]\r\n文件：ActivityThread.java\r\n类名：android.app.ActivityThread\r\n行数：3172\r\n方法：handleLaunchActivity\r\n\r\n[第3条记录---------------------]\r\n文件：LaunchActivityItem.java\r\n类名：android.app.servertransaction.LaunchActivityItem\r\n行数：78\r\n方法：execute\r\n\r\n[第4条记录---------------------]\r\n文件：TransactionExecutor.java\r\n类名：android.app.servertransaction.TransactionExecutor\r\n行数：108\r\n方法：executeCallbacks\r\n\r\n[第5条记录---------------------]\r\n文件：TransactionExecutor.java\r\n类名：android.app.servertransaction.TransactionExecutor\r\n行数：68\r\n方法：execute\r\n\r\n[第6条记录---------------------]\r\n文件：ActivityThread.java\r\n类名：android.app.ActivityThread$H\r\n行数：1906\r\n方法：handleMessage\r\n\r\n[第7条记录---------------------]\r\n文件：Handler.java\r\n类名：android.os.Handler\r\n行数：106\r\n方法：dispatchMessage\r\n\r\n[第8条记录---------------------]\r\n文件：Looper.java\r\n类名：android.os.Looper\r\n行数：193\r\n方法：loop\r\n\r\n[第9条记录---------------------]\r\n文件：ActivityThread.java\r\n类名：android.app.ActivityThread\r\n行数：6863\r\n方法：main\r\n\r\n[第10条记录---------------------]\r\n文件：Method.java\r\n类名：java.lang.reflect.Method\r\n行数：-2\r\n方法：invoke\r\n\r\n[第11条记录---------------------]\r\n文件：RuntimeInit.java\r\n类名：com.android.internal.os.RuntimeInit$MethodAndArgsCaller\r\n行数：537\r\n方法：run\r\n\r\n[第12条记录---------------------]\r\n文件：ZygoteInit.java\r\n类名：com.android.internal.os.ZygoteInit\r\n行数：858\r\n方法：main\r\n\r\n--------------------------------\r\n--------------------------------\r\n--------------------------------\r\n'),(78,'2019年02月18日 08:56:51','123333','1','1.0','com.jenking.xiaoyunhui','OnePlus','ONEPLUS A6000','28','9','>>>>时间：2019年02月18日 08:56:51\n信息：Unable to start activity ComponentInfo{com.jenking.xiaoyunhui/com.jenking.xiaoyunhui.activity.MatchDetailActivity}: java.lang.NullPointerException: Attempt to invoke virtual method \'java.lang.String com.jenking.xiaoyunhui.models.base.UserModel.getUser_type()\' on a null object reference\r\n\n[第1条记录---------------------]\r\n文件：ActivityThread.java\r\n类名：android.app.ActivityThread\r\n行数：3037\r\n方法：performLaunchActivity\r\n\r\n[第2条记录---------------------]\r\n文件：ActivityThread.java\r\n类名：android.app.ActivityThread\r\n行数：3172\r\n方法：handleLaunchActivity\r\n\r\n[第3条记录---------------------]\r\n文件：LaunchActivityItem.java\r\n类名：android.app.servertransaction.LaunchActivityItem\r\n行数：78\r\n方法：execute\r\n\r\n[第4条记录---------------------]\r\n文件：TransactionExecutor.java\r\n类名：android.app.servertransaction.TransactionExecutor\r\n行数：108\r\n方法：executeCallbacks\r\n\r\n[第5条记录---------------------]\r\n文件：TransactionExecutor.java\r\n类名：android.app.servertransaction.TransactionExecutor\r\n行数：68\r\n方法：execute\r\n\r\n[第6条记录---------------------]\r\n文件：ActivityThread.java\r\n类名：android.app.ActivityThread$H\r\n行数：1906\r\n方法：handleMessage\r\n\r\n[第7条记录---------------------]\r\n文件：Handler.java\r\n类名：android.os.Handler\r\n行数：106\r\n方法：dispatchMessage\r\n\r\n[第8条记录---------------------]\r\n文件：Looper.java\r\n类名：android.os.Looper\r\n行数：193\r\n方法：loop\r\n\r\n[第9条记录---------------------]\r\n文件：ActivityThread.java\r\n类名：android.app.ActivityThread\r\n行数：6863\r\n方法：main\r\n\r\n[第10条记录---------------------]\r\n文件：Method.java\r\n类名：java.lang.reflect.Method\r\n行数：-2\r\n方法：invoke\r\n\r\n[第11条记录---------------------]\r\n文件：RuntimeInit.java\r\n类名：com.android.internal.os.RuntimeInit$MethodAndArgsCaller\r\n行数：537\r\n方法：run\r\n\r\n[第12条记录---------------------]\r\n文件：ZygoteInit.java\r\n类名：com.android.internal.os.ZygoteInit\r\n行数：858\r\n方法：main\r\n\r\n--------------------------------\r\n--------------------------------\r\n--------------------------------\r\n'),(79,'2019年02月18日 08:56:55','123333','1','1.0','com.jenking.xiaoyunhui','OnePlus','ONEPLUS A6000','28','9','>>>>时间：2019年02月18日 08:56:55\n信息：Unable to start activity ComponentInfo{com.jenking.xiaoyunhui/com.jenking.xiaoyunhui.activity.MatchDetailActivity}: java.lang.NullPointerException: Attempt to invoke virtual method \'java.lang.String com.jenking.xiaoyunhui.models.base.UserModel.getUser_type()\' on a null object reference\r\n\n[第1条记录---------------------]\r\n文件：ActivityThread.java\r\n类名：android.app.ActivityThread\r\n行数：3037\r\n方法：performLaunchActivity\r\n\r\n[第2条记录---------------------]\r\n文件：ActivityThread.java\r\n类名：android.app.ActivityThread\r\n行数：3172\r\n方法：handleLaunchActivity\r\n\r\n[第3条记录---------------------]\r\n文件：LaunchActivityItem.java\r\n类名：android.app.servertransaction.LaunchActivityItem\r\n行数：78\r\n方法：execute\r\n\r\n[第4条记录---------------------]\r\n文件：TransactionExecutor.java\r\n类名：android.app.servertransaction.TransactionExecutor\r\n行数：108\r\n方法：executeCallbacks\r\n\r\n[第5条记录---------------------]\r\n文件：TransactionExecutor.java\r\n类名：android.app.servertransaction.TransactionExecutor\r\n行数：68\r\n方法：execute\r\n\r\n[第6条记录---------------------]\r\n文件：ActivityThread.java\r\n类名：android.app.ActivityThread$H\r\n行数：1906\r\n方法：handleMessage\r\n\r\n[第7条记录---------------------]\r\n文件：Handler.java\r\n类名：android.os.Handler\r\n行数：106\r\n方法：dispatchMessage\r\n\r\n[第8条记录---------------------]\r\n文件：Looper.java\r\n类名：android.os.Looper\r\n行数：193\r\n方法：loop\r\n\r\n[第9条记录---------------------]\r\n文件：ActivityThread.java\r\n类名：android.app.ActivityThread\r\n行数：6863\r\n方法：main\r\n\r\n[第10条记录---------------------]\r\n文件：Method.java\r\n类名：java.lang.reflect.Method\r\n行数：-2\r\n方法：invoke\r\n\r\n[第11条记录---------------------]\r\n文件：RuntimeInit.java\r\n类名：com.android.internal.os.RuntimeInit$MethodAndArgsCaller\r\n行数：537\r\n方法：run\r\n\r\n[第12条记录---------------------]\r\n文件：ZygoteInit.java\r\n类名：com.android.internal.os.ZygoteInit\r\n行数：858\r\n方法：main\r\n\r\n--------------------------------\r\n--------------------------------\r\n--------------------------------\r\n'),(80,'2019年02月18日 08:56:58','123333','1','1.0','com.jenking.xiaoyunhui','OnePlus','ONEPLUS A6000','28','9','>>>>时间：2019年02月18日 08:56:58\n信息：Unable to start activity ComponentInfo{com.jenking.xiaoyunhui/com.jenking.xiaoyunhui.activity.MatchDetailActivity}: java.lang.NullPointerException: Attempt to invoke virtual method \'java.lang.String com.jenking.xiaoyunhui.models.base.UserModel.getUser_type()\' on a null object reference\r\n\n[第1条记录---------------------]\r\n文件：ActivityThread.java\r\n类名：android.app.ActivityThread\r\n行数：3037\r\n方法：performLaunchActivity\r\n\r\n[第2条记录---------------------]\r\n文件：ActivityThread.java\r\n类名：android.app.ActivityThread\r\n行数：3172\r\n方法：handleLaunchActivity\r\n\r\n[第3条记录---------------------]\r\n文件：LaunchActivityItem.java\r\n类名：android.app.servertransaction.LaunchActivityItem\r\n行数：78\r\n方法：execute\r\n\r\n[第4条记录---------------------]\r\n文件：TransactionExecutor.java\r\n类名：android.app.servertransaction.TransactionExecutor\r\n行数：108\r\n方法：executeCallbacks\r\n\r\n[第5条记录---------------------]\r\n文件：TransactionExecutor.java\r\n类名：android.app.servertransaction.TransactionExecutor\r\n行数：68\r\n方法：execute\r\n\r\n[第6条记录---------------------]\r\n文件：ActivityThread.java\r\n类名：android.app.ActivityThread$H\r\n行数：1906\r\n方法：handleMessage\r\n\r\n[第7条记录---------------------]\r\n文件：Handler.java\r\n类名：android.os.Handler\r\n行数：106\r\n方法：dispatchMessage\r\n\r\n[第8条记录---------------------]\r\n文件：Looper.java\r\n类名：android.os.Looper\r\n行数：193\r\n方法：loop\r\n\r\n[第9条记录---------------------]\r\n文件：ActivityThread.java\r\n类名：android.app.ActivityThread\r\n行数：6863\r\n方法：main\r\n\r\n[第10条记录---------------------]\r\n文件：Method.java\r\n类名：java.lang.reflect.Method\r\n行数：-2\r\n方法：invoke\r\n\r\n[第11条记录---------------------]\r\n文件：RuntimeInit.java\r\n类名：com.android.internal.os.RuntimeInit$MethodAndArgsCaller\r\n行数：537\r\n方法：run\r\n\r\n[第12条记录---------------------]\r\n文件：ZygoteInit.java\r\n类名：com.android.internal.os.ZygoteInit\r\n行数：858\r\n方法：main\r\n\r\n--------------------------------\r\n--------------------------------\r\n--------------------------------\r\n'),(81,'2019年02月18日 08:57:02','123333','1','1.0','com.jenking.xiaoyunhui','OnePlus','ONEPLUS A6000','28','9','>>>>时间：2019年02月18日 08:57:02\n信息：Unable to start activity ComponentInfo{com.jenking.xiaoyunhui/com.jenking.xiaoyunhui.activity.MatchDetailActivity}: java.lang.NullPointerException: Attempt to invoke virtual method \'java.lang.String com.jenking.xiaoyunhui.models.base.UserModel.getUser_type()\' on a null object reference\r\n\n[第1条记录---------------------]\r\n文件：ActivityThread.java\r\n类名：android.app.ActivityThread\r\n行数：3037\r\n方法：performLaunchActivity\r\n\r\n[第2条记录---------------------]\r\n文件：ActivityThread.java\r\n类名：android.app.ActivityThread\r\n行数：3172\r\n方法：handleLaunchActivity\r\n\r\n[第3条记录---------------------]\r\n文件：LaunchActivityItem.java\r\n类名：android.app.servertransaction.LaunchActivityItem\r\n行数：78\r\n方法：execute\r\n\r\n[第4条记录---------------------]\r\n文件：TransactionExecutor.java\r\n类名：android.app.servertransaction.TransactionExecutor\r\n行数：108\r\n方法：executeCallbacks\r\n\r\n[第5条记录---------------------]\r\n文件：TransactionExecutor.java\r\n类名：android.app.servertransaction.TransactionExecutor\r\n行数：68\r\n方法：execute\r\n\r\n[第6条记录---------------------]\r\n文件：ActivityThread.java\r\n类名：android.app.ActivityThread$H\r\n行数：1906\r\n方法：handleMessage\r\n\r\n[第7条记录---------------------]\r\n文件：Handler.java\r\n类名：android.os.Handler\r\n行数：106\r\n方法：dispatchMessage\r\n\r\n[第8条记录---------------------]\r\n文件：Looper.java\r\n类名：android.os.Looper\r\n行数：193\r\n方法：loop\r\n\r\n[第9条记录---------------------]\r\n文件：ActivityThread.java\r\n类名：android.app.ActivityThread\r\n行数：6863\r\n方法：main\r\n\r\n[第10条记录---------------------]\r\n文件：Method.java\r\n类名：java.lang.reflect.Method\r\n行数：-2\r\n方法：invoke\r\n\r\n[第11条记录---------------------]\r\n文件：RuntimeInit.java\r\n类名：com.android.internal.os.RuntimeInit$MethodAndArgsCaller\r\n行数：537\r\n方法：run\r\n\r\n[第12条记录---------------------]\r\n文件：ZygoteInit.java\r\n类名：com.android.internal.os.ZygoteInit\r\n行数：858\r\n方法：main\r\n\r\n--------------------------------\r\n--------------------------------\r\n--------------------------------\r\n'),(82,'2019年02月18日 08:57:06','123333','1','1.0','com.jenking.xiaoyunhui','OnePlus','ONEPLUS A6000','28','9','>>>>时间：2019年02月18日 08:57:06\n信息：Unable to start activity ComponentInfo{com.jenking.xiaoyunhui/com.jenking.xiaoyunhui.activity.MatchDetailActivity}: java.lang.NullPointerException: Attempt to invoke virtual method \'java.lang.String com.jenking.xiaoyunhui.models.base.UserModel.getUser_type()\' on a null object reference\r\n\n[第1条记录---------------------]\r\n文件：ActivityThread.java\r\n类名：android.app.ActivityThread\r\n行数：3037\r\n方法：performLaunchActivity\r\n\r\n[第2条记录---------------------]\r\n文件：ActivityThread.java\r\n类名：android.app.ActivityThread\r\n行数：3172\r\n方法：handleLaunchActivity\r\n\r\n[第3条记录---------------------]\r\n文件：LaunchActivityItem.java\r\n类名：android.app.servertransaction.LaunchActivityItem\r\n行数：78\r\n方法：execute\r\n\r\n[第4条记录---------------------]\r\n文件：TransactionExecutor.java\r\n类名：android.app.servertransaction.TransactionExecutor\r\n行数：108\r\n方法：executeCallbacks\r\n\r\n[第5条记录---------------------]\r\n文件：TransactionExecutor.java\r\n类名：android.app.servertransaction.TransactionExecutor\r\n行数：68\r\n方法：execute\r\n\r\n[第6条记录---------------------]\r\n文件：ActivityThread.java\r\n类名：android.app.ActivityThread$H\r\n行数：1906\r\n方法：handleMessage\r\n\r\n[第7条记录---------------------]\r\n文件：Handler.java\r\n类名：android.os.Handler\r\n行数：106\r\n方法：dispatchMessage\r\n\r\n[第8条记录---------------------]\r\n文件：Looper.java\r\n类名：android.os.Looper\r\n行数：193\r\n方法：loop\r\n\r\n[第9条记录---------------------]\r\n文件：ActivityThread.java\r\n类名：android.app.ActivityThread\r\n行数：6863\r\n方法：main\r\n\r\n[第10条记录---------------------]\r\n文件：Method.java\r\n类名：java.lang.reflect.Method\r\n行数：-2\r\n方法：invoke\r\n\r\n[第11条记录---------------------]\r\n文件：RuntimeInit.java\r\n类名：com.android.internal.os.RuntimeInit$MethodAndArgsCaller\r\n行数：537\r\n方法：run\r\n\r\n[第12条记录---------------------]\r\n文件：ZygoteInit.java\r\n类名：com.android.internal.os.ZygoteInit\r\n行数：858\r\n方法：main\r\n\r\n--------------------------------\r\n--------------------------------\r\n--------------------------------\r\n'),(83,'2019年02月18日 08:57:09','123333','1','1.0','com.jenking.xiaoyunhui','OnePlus','ONEPLUS A6000','28','9','>>>>时间：2019年02月18日 08:57:09\n信息：Unable to start activity ComponentInfo{com.jenking.xiaoyunhui/com.jenking.xiaoyunhui.activity.MatchDetailActivity}: java.lang.NullPointerException: Attempt to invoke virtual method \'java.lang.String com.jenking.xiaoyunhui.models.base.UserModel.getUser_type()\' on a null object reference\r\n\n[第1条记录---------------------]\r\n文件：ActivityThread.java\r\n类名：android.app.ActivityThread\r\n行数：3037\r\n方法：performLaunchActivity\r\n\r\n[第2条记录---------------------]\r\n文件：ActivityThread.java\r\n类名：android.app.ActivityThread\r\n行数：3172\r\n方法：handleLaunchActivity\r\n\r\n[第3条记录---------------------]\r\n文件：LaunchActivityItem.java\r\n类名：android.app.servertransaction.LaunchActivityItem\r\n行数：78\r\n方法：execute\r\n\r\n[第4条记录---------------------]\r\n文件：TransactionExecutor.java\r\n类名：android.app.servertransaction.TransactionExecutor\r\n行数：108\r\n方法：executeCallbacks\r\n\r\n[第5条记录---------------------]\r\n文件：TransactionExecutor.java\r\n类名：android.app.servertransaction.TransactionExecutor\r\n行数：68\r\n方法：execute\r\n\r\n[第6条记录---------------------]\r\n文件：ActivityThread.java\r\n类名：android.app.ActivityThread$H\r\n行数：1906\r\n方法：handleMessage\r\n\r\n[第7条记录---------------------]\r\n文件：Handler.java\r\n类名：android.os.Handler\r\n行数：106\r\n方法：dispatchMessage\r\n\r\n[第8条记录---------------------]\r\n文件：Looper.java\r\n类名：android.os.Looper\r\n行数：193\r\n方法：loop\r\n\r\n[第9条记录---------------------]\r\n文件：ActivityThread.java\r\n类名：android.app.ActivityThread\r\n行数：6863\r\n方法：main\r\n\r\n[第10条记录---------------------]\r\n文件：Method.java\r\n类名：java.lang.reflect.Method\r\n行数：-2\r\n方法：invoke\r\n\r\n[第11条记录---------------------]\r\n文件：RuntimeInit.java\r\n类名：com.android.internal.os.RuntimeInit$MethodAndArgsCaller\r\n行数：537\r\n方法：run\r\n\r\n[第12条记录---------------------]\r\n文件：ZygoteInit.java\r\n类名：com.android.internal.os.ZygoteInit\r\n行数：858\r\n方法：main\r\n\r\n--------------------------------\r\n--------------------------------\r\n--------------------------------\r\n'),(84,'2019年02月18日 08:57:13','123333','1','1.0','com.jenking.xiaoyunhui','OnePlus','ONEPLUS A6000','28','9','>>>>时间：2019年02月18日 08:57:13\n信息：Unable to start activity ComponentInfo{com.jenking.xiaoyunhui/com.jenking.xiaoyunhui.activity.MatchDetailActivity}: java.lang.NullPointerException: Attempt to invoke virtual method \'java.lang.String com.jenking.xiaoyunhui.models.base.UserModel.getUser_type()\' on a null object reference\r\n\n[第1条记录---------------------]\r\n文件：ActivityThread.java\r\n类名：android.app.ActivityThread\r\n行数：3037\r\n方法：performLaunchActivity\r\n\r\n[第2条记录---------------------]\r\n文件：ActivityThread.java\r\n类名：android.app.ActivityThread\r\n行数：3172\r\n方法：handleLaunchActivity\r\n\r\n[第3条记录---------------------]\r\n文件：LaunchActivityItem.java\r\n类名：android.app.servertransaction.LaunchActivityItem\r\n行数：78\r\n方法：execute\r\n\r\n[第4条记录---------------------]\r\n文件：TransactionExecutor.java\r\n类名：android.app.servertransaction.TransactionExecutor\r\n行数：108\r\n方法：executeCallbacks\r\n\r\n[第5条记录---------------------]\r\n文件：TransactionExecutor.java\r\n类名：android.app.servertransaction.TransactionExecutor\r\n行数：68\r\n方法：execute\r\n\r\n[第6条记录---------------------]\r\n文件：ActivityThread.java\r\n类名：android.app.ActivityThread$H\r\n行数：1906\r\n方法：handleMessage\r\n\r\n[第7条记录---------------------]\r\n文件：Handler.java\r\n类名：android.os.Handler\r\n行数：106\r\n方法：dispatchMessage\r\n\r\n[第8条记录---------------------]\r\n文件：Looper.java\r\n类名：android.os.Looper\r\n行数：193\r\n方法：loop\r\n\r\n[第9条记录---------------------]\r\n文件：ActivityThread.java\r\n类名：android.app.ActivityThread\r\n行数：6863\r\n方法：main\r\n\r\n[第10条记录---------------------]\r\n文件：Method.java\r\n类名：java.lang.reflect.Method\r\n行数：-2\r\n方法：invoke\r\n\r\n[第11条记录---------------------]\r\n文件：RuntimeInit.java\r\n类名：com.android.internal.os.RuntimeInit$MethodAndArgsCaller\r\n行数：537\r\n方法：run\r\n\r\n[第12条记录---------------------]\r\n文件：ZygoteInit.java\r\n类名：com.android.internal.os.ZygoteInit\r\n行数：858\r\n方法：main\r\n\r\n--------------------------------\r\n--------------------------------\r\n--------------------------------\r\n'),(85,'2019年02月18日 08:57:17','123333','1','1.0','com.jenking.xiaoyunhui','OnePlus','ONEPLUS A6000','28','9','>>>>时间：2019年02月18日 08:57:17\n信息：Unable to start activity ComponentInfo{com.jenking.xiaoyunhui/com.jenking.xiaoyunhui.activity.MatchDetailActivity}: java.lang.NullPointerException: Attempt to invoke virtual method \'java.lang.String com.jenking.xiaoyunhui.models.base.UserModel.getUser_type()\' on a null object reference\r\n\n[第1条记录---------------------]\r\n文件：ActivityThread.java\r\n类名：android.app.ActivityThread\r\n行数：3037\r\n方法：performLaunchActivity\r\n\r\n[第2条记录---------------------]\r\n文件：ActivityThread.java\r\n类名：android.app.ActivityThread\r\n行数：3172\r\n方法：handleLaunchActivity\r\n\r\n[第3条记录---------------------]\r\n文件：LaunchActivityItem.java\r\n类名：android.app.servertransaction.LaunchActivityItem\r\n行数：78\r\n方法：execute\r\n\r\n[第4条记录---------------------]\r\n文件：TransactionExecutor.java\r\n类名：android.app.servertransaction.TransactionExecutor\r\n行数：108\r\n方法：executeCallbacks\r\n\r\n[第5条记录---------------------]\r\n文件：TransactionExecutor.java\r\n类名：android.app.servertransaction.TransactionExecutor\r\n行数：68\r\n方法：execute\r\n\r\n[第6条记录---------------------]\r\n文件：ActivityThread.java\r\n类名：android.app.ActivityThread$H\r\n行数：1906\r\n方法：handleMessage\r\n\r\n[第7条记录---------------------]\r\n文件：Handler.java\r\n类名：android.os.Handler\r\n行数：106\r\n方法：dispatchMessage\r\n\r\n[第8条记录---------------------]\r\n文件：Looper.java\r\n类名：android.os.Looper\r\n行数：193\r\n方法：loop\r\n\r\n[第9条记录---------------------]\r\n文件：ActivityThread.java\r\n类名：android.app.ActivityThread\r\n行数：6863\r\n方法：main\r\n\r\n[第10条记录---------------------]\r\n文件：Method.java\r\n类名：java.lang.reflect.Method\r\n行数：-2\r\n方法：invoke\r\n\r\n[第11条记录---------------------]\r\n文件：RuntimeInit.java\r\n类名：com.android.internal.os.RuntimeInit$MethodAndArgsCaller\r\n行数：537\r\n方法：run\r\n\r\n[第12条记录---------------------]\r\n文件：ZygoteInit.java\r\n类名：com.android.internal.os.ZygoteInit\r\n行数：858\r\n方法：main\r\n\r\n--------------------------------\r\n--------------------------------\r\n--------------------------------\r\n'),(86,'2019年02月18日 08:57:20','123333','1','1.0','com.jenking.xiaoyunhui','OnePlus','ONEPLUS A6000','28','9','>>>>时间：2019年02月18日 08:57:20\n信息：Unable to start activity ComponentInfo{com.jenking.xiaoyunhui/com.jenking.xiaoyunhui.activity.MatchDetailActivity}: java.lang.NullPointerException: Attempt to invoke virtual method \'java.lang.String com.jenking.xiaoyunhui.models.base.UserModel.getUser_type()\' on a null object reference\r\n\n[第1条记录---------------------]\r\n文件：ActivityThread.java\r\n类名：android.app.ActivityThread\r\n行数：3037\r\n方法：performLaunchActivity\r\n\r\n[第2条记录---------------------]\r\n文件：ActivityThread.java\r\n类名：android.app.ActivityThread\r\n行数：3172\r\n方法：handleLaunchActivity\r\n\r\n[第3条记录---------------------]\r\n文件：LaunchActivityItem.java\r\n类名：android.app.servertransaction.LaunchActivityItem\r\n行数：78\r\n方法：execute\r\n\r\n[第4条记录---------------------]\r\n文件：TransactionExecutor.java\r\n类名：android.app.servertransaction.TransactionExecutor\r\n行数：108\r\n方法：executeCallbacks\r\n\r\n[第5条记录---------------------]\r\n文件：TransactionExecutor.java\r\n类名：android.app.servertransaction.TransactionExecutor\r\n行数：68\r\n方法：execute\r\n\r\n[第6条记录---------------------]\r\n文件：ActivityThread.java\r\n类名：android.app.ActivityThread$H\r\n行数：1906\r\n方法：handleMessage\r\n\r\n[第7条记录---------------------]\r\n文件：Handler.java\r\n类名：android.os.Handler\r\n行数：106\r\n方法：dispatchMessage\r\n\r\n[第8条记录---------------------]\r\n文件：Looper.java\r\n类名：android.os.Looper\r\n行数：193\r\n方法：loop\r\n\r\n[第9条记录---------------------]\r\n文件：ActivityThread.java\r\n类名：android.app.ActivityThread\r\n行数：6863\r\n方法：main\r\n\r\n[第10条记录---------------------]\r\n文件：Method.java\r\n类名：java.lang.reflect.Method\r\n行数：-2\r\n方法：invoke\r\n\r\n[第11条记录---------------------]\r\n文件：RuntimeInit.java\r\n类名：com.android.internal.os.RuntimeInit$MethodAndArgsCaller\r\n行数：537\r\n方法：run\r\n\r\n[第12条记录---------------------]\r\n文件：ZygoteInit.java\r\n类名：com.android.internal.os.ZygoteInit\r\n行数：858\r\n方法：main\r\n\r\n--------------------------------\r\n--------------------------------\r\n--------------------------------\r\n'),(87,'2019年02月18日 08:57:24','123333','1','1.0','com.jenking.xiaoyunhui','OnePlus','ONEPLUS A6000','28','9','>>>>时间：2019年02月18日 08:57:24\n信息：Unable to start activity ComponentInfo{com.jenking.xiaoyunhui/com.jenking.xiaoyunhui.activity.MatchDetailActivity}: java.lang.NullPointerException: Attempt to invoke virtual method \'java.lang.String com.jenking.xiaoyunhui.models.base.UserModel.getUser_type()\' on a null object reference\r\n\n[第1条记录---------------------]\r\n文件：ActivityThread.java\r\n类名：android.app.ActivityThread\r\n行数：3037\r\n方法：performLaunchActivity\r\n\r\n[第2条记录---------------------]\r\n文件：ActivityThread.java\r\n类名：android.app.ActivityThread\r\n行数：3172\r\n方法：handleLaunchActivity\r\n\r\n[第3条记录---------------------]\r\n文件：LaunchActivityItem.java\r\n类名：android.app.servertransaction.LaunchActivityItem\r\n行数：78\r\n方法：execute\r\n\r\n[第4条记录---------------------]\r\n文件：TransactionExecutor.java\r\n类名：android.app.servertransaction.TransactionExecutor\r\n行数：108\r\n方法：executeCallbacks\r\n\r\n[第5条记录---------------------]\r\n文件：TransactionExecutor.java\r\n类名：android.app.servertransaction.TransactionExecutor\r\n行数：68\r\n方法：execute\r\n\r\n[第6条记录---------------------]\r\n文件：ActivityThread.java\r\n类名：android.app.ActivityThread$H\r\n行数：1906\r\n方法：handleMessage\r\n\r\n[第7条记录---------------------]\r\n文件：Handler.java\r\n类名：android.os.Handler\r\n行数：106\r\n方法：dispatchMessage\r\n\r\n[第8条记录---------------------]\r\n文件：Looper.java\r\n类名：android.os.Looper\r\n行数：193\r\n方法：loop\r\n\r\n[第9条记录---------------------]\r\n文件：ActivityThread.java\r\n类名：android.app.ActivityThread\r\n行数：6863\r\n方法：main\r\n\r\n[第10条记录---------------------]\r\n文件：Method.java\r\n类名：java.lang.reflect.Method\r\n行数：-2\r\n方法：invoke\r\n\r\n[第11条记录---------------------]\r\n文件：RuntimeInit.java\r\n类名：com.android.internal.os.RuntimeInit$MethodAndArgsCaller\r\n行数：537\r\n方法：run\r\n\r\n[第12条记录---------------------]\r\n文件：ZygoteInit.java\r\n类名：com.android.internal.os.ZygoteInit\r\n行数：858\r\n方法：main\r\n\r\n--------------------------------\r\n--------------------------------\r\n--------------------------------\r\n'),(88,'2019年02月18日 08:57:28','123333','1','1.0','com.jenking.xiaoyunhui','OnePlus','ONEPLUS A6000','28','9','>>>>时间：2019年02月18日 08:57:28\n信息：Unable to start activity ComponentInfo{com.jenking.xiaoyunhui/com.jenking.xiaoyunhui.activity.MatchDetailActivity}: java.lang.NullPointerException: Attempt to invoke virtual method \'java.lang.String com.jenking.xiaoyunhui.models.base.UserModel.getUser_type()\' on a null object reference\r\n\n[第1条记录---------------------]\r\n文件：ActivityThread.java\r\n类名：android.app.ActivityThread\r\n行数：3037\r\n方法：performLaunchActivity\r\n\r\n[第2条记录---------------------]\r\n文件：ActivityThread.java\r\n类名：android.app.ActivityThread\r\n行数：3172\r\n方法：handleLaunchActivity\r\n\r\n[第3条记录---------------------]\r\n文件：LaunchActivityItem.java\r\n类名：android.app.servertransaction.LaunchActivityItem\r\n行数：78\r\n方法：execute\r\n\r\n[第4条记录---------------------]\r\n文件：TransactionExecutor.java\r\n类名：android.app.servertransaction.TransactionExecutor\r\n行数：108\r\n方法：executeCallbacks\r\n\r\n[第5条记录---------------------]\r\n文件：TransactionExecutor.java\r\n类名：android.app.servertransaction.TransactionExecutor\r\n行数：68\r\n方法：execute\r\n\r\n[第6条记录---------------------]\r\n文件：ActivityThread.java\r\n类名：android.app.ActivityThread$H\r\n行数：1906\r\n方法：handleMessage\r\n\r\n[第7条记录---------------------]\r\n文件：Handler.java\r\n类名：android.os.Handler\r\n行数：106\r\n方法：dispatchMessage\r\n\r\n[第8条记录---------------------]\r\n文件：Looper.java\r\n类名：android.os.Looper\r\n行数：193\r\n方法：loop\r\n\r\n[第9条记录---------------------]\r\n文件：ActivityThread.java\r\n类名：android.app.ActivityThread\r\n行数：6863\r\n方法：main\r\n\r\n[第10条记录---------------------]\r\n文件：Method.java\r\n类名：java.lang.reflect.Method\r\n行数：-2\r\n方法：invoke\r\n\r\n[第11条记录---------------------]\r\n文件：RuntimeInit.java\r\n类名：com.android.internal.os.RuntimeInit$MethodAndArgsCaller\r\n行数：537\r\n方法：run\r\n\r\n[第12条记录---------------------]\r\n文件：ZygoteInit.java\r\n类名：com.android.internal.os.ZygoteInit\r\n行数：858\r\n方法：main\r\n\r\n--------------------------------\r\n--------------------------------\r\n--------------------------------\r\n'),(89,'2019年02月18日 08:57:32','123333','1','1.0','com.jenking.xiaoyunhui','OnePlus','ONEPLUS A6000','28','9','>>>>时间：2019年02月18日 08:57:32\n信息：Unable to start activity ComponentInfo{com.jenking.xiaoyunhui/com.jenking.xiaoyunhui.activity.MatchDetailActivity}: java.lang.NullPointerException: Attempt to invoke virtual method \'java.lang.String com.jenking.xiaoyunhui.models.base.UserModel.getUser_type()\' on a null object reference\r\n\n[第1条记录---------------------]\r\n文件：ActivityThread.java\r\n类名：android.app.ActivityThread\r\n行数：3037\r\n方法：performLaunchActivity\r\n\r\n[第2条记录---------------------]\r\n文件：ActivityThread.java\r\n类名：android.app.ActivityThread\r\n行数：3172\r\n方法：handleLaunchActivity\r\n\r\n[第3条记录---------------------]\r\n文件：LaunchActivityItem.java\r\n类名：android.app.servertransaction.LaunchActivityItem\r\n行数：78\r\n方法：execute\r\n\r\n[第4条记录---------------------]\r\n文件：TransactionExecutor.java\r\n类名：android.app.servertransaction.TransactionExecutor\r\n行数：108\r\n方法：executeCallbacks\r\n\r\n[第5条记录---------------------]\r\n文件：TransactionExecutor.java\r\n类名：android.app.servertransaction.TransactionExecutor\r\n行数：68\r\n方法：execute\r\n\r\n[第6条记录---------------------]\r\n文件：ActivityThread.java\r\n类名：android.app.ActivityThread$H\r\n行数：1906\r\n方法：handleMessage\r\n\r\n[第7条记录---------------------]\r\n文件：Handler.java\r\n类名：android.os.Handler\r\n行数：106\r\n方法：dispatchMessage\r\n\r\n[第8条记录---------------------]\r\n文件：Looper.java\r\n类名：android.os.Looper\r\n行数：193\r\n方法：loop\r\n\r\n[第9条记录---------------------]\r\n文件：ActivityThread.java\r\n类名：android.app.ActivityThread\r\n行数：6863\r\n方法：main\r\n\r\n[第10条记录---------------------]\r\n文件：Method.java\r\n类名：java.lang.reflect.Method\r\n行数：-2\r\n方法：invoke\r\n\r\n[第11条记录---------------------]\r\n文件：RuntimeInit.java\r\n类名：com.android.internal.os.RuntimeInit$MethodAndArgsCaller\r\n行数：537\r\n方法：run\r\n\r\n[第12条记录---------------------]\r\n文件：ZygoteInit.java\r\n类名：com.android.internal.os.ZygoteInit\r\n行数：858\r\n方法：main\r\n\r\n--------------------------------\r\n--------------------------------\r\n--------------------------------\r\n'),(90,'2019年02月18日 08:57:35','123333','1','1.0','com.jenking.xiaoyunhui','OnePlus','ONEPLUS A6000','28','9','>>>>时间：2019年02月18日 08:57:35\n信息：Unable to start activity ComponentInfo{com.jenking.xiaoyunhui/com.jenking.xiaoyunhui.activity.MatchDetailActivity}: java.lang.NullPointerException: Attempt to invoke virtual method \'java.lang.String com.jenking.xiaoyunhui.models.base.UserModel.getUser_type()\' on a null object reference\r\n\n[第1条记录---------------------]\r\n文件：ActivityThread.java\r\n类名：android.app.ActivityThread\r\n行数：3037\r\n方法：performLaunchActivity\r\n\r\n[第2条记录---------------------]\r\n文件：ActivityThread.java\r\n类名：android.app.ActivityThread\r\n行数：3172\r\n方法：handleLaunchActivity\r\n\r\n[第3条记录---------------------]\r\n文件：LaunchActivityItem.java\r\n类名：android.app.servertransaction.LaunchActivityItem\r\n行数：78\r\n方法：execute\r\n\r\n[第4条记录---------------------]\r\n文件：TransactionExecutor.java\r\n类名：android.app.servertransaction.TransactionExecutor\r\n行数：108\r\n方法：executeCallbacks\r\n\r\n[第5条记录---------------------]\r\n文件：TransactionExecutor.java\r\n类名：android.app.servertransaction.TransactionExecutor\r\n行数：68\r\n方法：execute\r\n\r\n[第6条记录---------------------]\r\n文件：ActivityThread.java\r\n类名：android.app.ActivityThread$H\r\n行数：1906\r\n方法：handleMessage\r\n\r\n[第7条记录---------------------]\r\n文件：Handler.java\r\n类名：android.os.Handler\r\n行数：106\r\n方法：dispatchMessage\r\n\r\n[第8条记录---------------------]\r\n文件：Looper.java\r\n类名：android.os.Looper\r\n行数：193\r\n方法：loop\r\n\r\n[第9条记录---------------------]\r\n文件：ActivityThread.java\r\n类名：android.app.ActivityThread\r\n行数：6863\r\n方法：main\r\n\r\n[第10条记录---------------------]\r\n文件：Method.java\r\n类名：java.lang.reflect.Method\r\n行数：-2\r\n方法：invoke\r\n\r\n[第11条记录---------------------]\r\n文件：RuntimeInit.java\r\n类名：com.android.internal.os.RuntimeInit$MethodAndArgsCaller\r\n行数：537\r\n方法：run\r\n\r\n[第12条记录---------------------]\r\n文件：ZygoteInit.java\r\n类名：com.android.internal.os.ZygoteInit\r\n行数：858\r\n方法：main\r\n\r\n--------------------------------\r\n--------------------------------\r\n--------------------------------\r\n'),(91,'2019年02月18日 08:57:39','123333','1','1.0','com.jenking.xiaoyunhui','OnePlus','ONEPLUS A6000','28','9','>>>>时间：2019年02月18日 08:57:39\n信息：Unable to start activity ComponentInfo{com.jenking.xiaoyunhui/com.jenking.xiaoyunhui.activity.MatchDetailActivity}: java.lang.NullPointerException: Attempt to invoke virtual method \'java.lang.String com.jenking.xiaoyunhui.models.base.UserModel.getUser_type()\' on a null object reference\r\n\n[第1条记录---------------------]\r\n文件：ActivityThread.java\r\n类名：android.app.ActivityThread\r\n行数：3037\r\n方法：performLaunchActivity\r\n\r\n[第2条记录---------------------]\r\n文件：ActivityThread.java\r\n类名：android.app.ActivityThread\r\n行数：3172\r\n方法：handleLaunchActivity\r\n\r\n[第3条记录---------------------]\r\n文件：LaunchActivityItem.java\r\n类名：android.app.servertransaction.LaunchActivityItem\r\n行数：78\r\n方法：execute\r\n\r\n[第4条记录---------------------]\r\n文件：TransactionExecutor.java\r\n类名：android.app.servertransaction.TransactionExecutor\r\n行数：108\r\n方法：executeCallbacks\r\n\r\n[第5条记录---------------------]\r\n文件：TransactionExecutor.java\r\n类名：android.app.servertransaction.TransactionExecutor\r\n行数：68\r\n方法：execute\r\n\r\n[第6条记录---------------------]\r\n文件：ActivityThread.java\r\n类名：android.app.ActivityThread$H\r\n行数：1906\r\n方法：handleMessage\r\n\r\n[第7条记录---------------------]\r\n文件：Handler.java\r\n类名：android.os.Handler\r\n行数：106\r\n方法：dispatchMessage\r\n\r\n[第8条记录---------------------]\r\n文件：Looper.java\r\n类名：android.os.Looper\r\n行数：193\r\n方法：loop\r\n\r\n[第9条记录---------------------]\r\n文件：ActivityThread.java\r\n类名：android.app.ActivityThread\r\n行数：6863\r\n方法：main\r\n\r\n[第10条记录---------------------]\r\n文件：Method.java\r\n类名：java.lang.reflect.Method\r\n行数：-2\r\n方法：invoke\r\n\r\n[第11条记录---------------------]\r\n文件：RuntimeInit.java\r\n类名：com.android.internal.os.RuntimeInit$MethodAndArgsCaller\r\n行数：537\r\n方法：run\r\n\r\n[第12条记录---------------------]\r\n文件：ZygoteInit.java\r\n类名：com.android.internal.os.ZygoteInit\r\n行数：858\r\n方法：main\r\n\r\n--------------------------------\r\n--------------------------------\r\n--------------------------------\r\n'),(92,'2019年02月18日 08:57:43','123333','1','1.0','com.jenking.xiaoyunhui','OnePlus','ONEPLUS A6000','28','9','>>>>时间：2019年02月18日 08:57:43\n信息：Unable to start activity ComponentInfo{com.jenking.xiaoyunhui/com.jenking.xiaoyunhui.activity.MatchDetailActivity}: java.lang.NullPointerException: Attempt to invoke virtual method \'java.lang.String com.jenking.xiaoyunhui.models.base.UserModel.getUser_type()\' on a null object reference\r\n\n[第1条记录---------------------]\r\n文件：ActivityThread.java\r\n类名：android.app.ActivityThread\r\n行数：3037\r\n方法：performLaunchActivity\r\n\r\n[第2条记录---------------------]\r\n文件：ActivityThread.java\r\n类名：android.app.ActivityThread\r\n行数：3172\r\n方法：handleLaunchActivity\r\n\r\n[第3条记录---------------------]\r\n文件：LaunchActivityItem.java\r\n类名：android.app.servertransaction.LaunchActivityItem\r\n行数：78\r\n方法：execute\r\n\r\n[第4条记录---------------------]\r\n文件：TransactionExecutor.java\r\n类名：android.app.servertransaction.TransactionExecutor\r\n行数：108\r\n方法：executeCallbacks\r\n\r\n[第5条记录---------------------]\r\n文件：TransactionExecutor.java\r\n类名：android.app.servertransaction.TransactionExecutor\r\n行数：68\r\n方法：execute\r\n\r\n[第6条记录---------------------]\r\n文件：ActivityThread.java\r\n类名：android.app.ActivityThread$H\r\n行数：1906\r\n方法：handleMessage\r\n\r\n[第7条记录---------------------]\r\n文件：Handler.java\r\n类名：android.os.Handler\r\n行数：106\r\n方法：dispatchMessage\r\n\r\n[第8条记录---------------------]\r\n文件：Looper.java\r\n类名：android.os.Looper\r\n行数：193\r\n方法：loop\r\n\r\n[第9条记录---------------------]\r\n文件：ActivityThread.java\r\n类名：android.app.ActivityThread\r\n行数：6863\r\n方法：main\r\n\r\n[第10条记录---------------------]\r\n文件：Method.java\r\n类名：java.lang.reflect.Method\r\n行数：-2\r\n方法：invoke\r\n\r\n[第11条记录---------------------]\r\n文件：RuntimeInit.java\r\n类名：com.android.internal.os.RuntimeInit$MethodAndArgsCaller\r\n行数：537\r\n方法：run\r\n\r\n[第12条记录---------------------]\r\n文件：ZygoteInit.java\r\n类名：com.android.internal.os.ZygoteInit\r\n行数：858\r\n方法：main\r\n\r\n--------------------------------\r\n--------------------------------\r\n--------------------------------\r\n'),(93,'2019年02月18日 08:57:46','123333','1','1.0','com.jenking.xiaoyunhui','OnePlus','ONEPLUS A6000','28','9','>>>>时间：2019年02月18日 08:57:46\n信息：Unable to start activity ComponentInfo{com.jenking.xiaoyunhui/com.jenking.xiaoyunhui.activity.MatchDetailActivity}: java.lang.NullPointerException: Attempt to invoke virtual method \'java.lang.String com.jenking.xiaoyunhui.models.base.UserModel.getUser_type()\' on a null object reference\r\n\n[第1条记录---------------------]\r\n文件：ActivityThread.java\r\n类名：android.app.ActivityThread\r\n行数：3037\r\n方法：performLaunchActivity\r\n\r\n[第2条记录---------------------]\r\n文件：ActivityThread.java\r\n类名：android.app.ActivityThread\r\n行数：3172\r\n方法：handleLaunchActivity\r\n\r\n[第3条记录---------------------]\r\n文件：LaunchActivityItem.java\r\n类名：android.app.servertransaction.LaunchActivityItem\r\n行数：78\r\n方法：execute\r\n\r\n[第4条记录---------------------]\r\n文件：TransactionExecutor.java\r\n类名：android.app.servertransaction.TransactionExecutor\r\n行数：108\r\n方法：executeCallbacks\r\n\r\n[第5条记录---------------------]\r\n文件：TransactionExecutor.java\r\n类名：android.app.servertransaction.TransactionExecutor\r\n行数：68\r\n方法：execute\r\n\r\n[第6条记录---------------------]\r\n文件：ActivityThread.java\r\n类名：android.app.ActivityThread$H\r\n行数：1906\r\n方法：handleMessage\r\n\r\n[第7条记录---------------------]\r\n文件：Handler.java\r\n类名：android.os.Handler\r\n行数：106\r\n方法：dispatchMessage\r\n\r\n[第8条记录---------------------]\r\n文件：Looper.java\r\n类名：android.os.Looper\r\n行数：193\r\n方法：loop\r\n\r\n[第9条记录---------------------]\r\n文件：ActivityThread.java\r\n类名：android.app.ActivityThread\r\n行数：6863\r\n方法：main\r\n\r\n[第10条记录---------------------]\r\n文件：Method.java\r\n类名：java.lang.reflect.Method\r\n行数：-2\r\n方法：invoke\r\n\r\n[第11条记录---------------------]\r\n文件：RuntimeInit.java\r\n类名：com.android.internal.os.RuntimeInit$MethodAndArgsCaller\r\n行数：537\r\n方法：run\r\n\r\n[第12条记录---------------------]\r\n文件：ZygoteInit.java\r\n类名：com.android.internal.os.ZygoteInit\r\n行数：858\r\n方法：main\r\n\r\n--------------------------------\r\n--------------------------------\r\n--------------------------------\r\n'),(94,'2019年02月18日 08:57:50','123333','1','1.0','com.jenking.xiaoyunhui','OnePlus','ONEPLUS A6000','28','9','>>>>时间：2019年02月18日 08:57:50\n信息：Unable to start activity ComponentInfo{com.jenking.xiaoyunhui/com.jenking.xiaoyunhui.activity.MatchDetailActivity}: java.lang.NullPointerException: Attempt to invoke virtual method \'java.lang.String com.jenking.xiaoyunhui.models.base.UserModel.getUser_type()\' on a null object reference\r\n\n[第1条记录---------------------]\r\n文件：ActivityThread.java\r\n类名：android.app.ActivityThread\r\n行数：3037\r\n方法：performLaunchActivity\r\n\r\n[第2条记录---------------------]\r\n文件：ActivityThread.java\r\n类名：android.app.ActivityThread\r\n行数：3172\r\n方法：handleLaunchActivity\r\n\r\n[第3条记录---------------------]\r\n文件：LaunchActivityItem.java\r\n类名：android.app.servertransaction.LaunchActivityItem\r\n行数：78\r\n方法：execute\r\n\r\n[第4条记录---------------------]\r\n文件：TransactionExecutor.java\r\n类名：android.app.servertransaction.TransactionExecutor\r\n行数：108\r\n方法：executeCallbacks\r\n\r\n[第5条记录---------------------]\r\n文件：TransactionExecutor.java\r\n类名：android.app.servertransaction.TransactionExecutor\r\n行数：68\r\n方法：execute\r\n\r\n[第6条记录---------------------]\r\n文件：ActivityThread.java\r\n类名：android.app.ActivityThread$H\r\n行数：1906\r\n方法：handleMessage\r\n\r\n[第7条记录---------------------]\r\n文件：Handler.java\r\n类名：android.os.Handler\r\n行数：106\r\n方法：dispatchMessage\r\n\r\n[第8条记录---------------------]\r\n文件：Looper.java\r\n类名：android.os.Looper\r\n行数：193\r\n方法：loop\r\n\r\n[第9条记录---------------------]\r\n文件：ActivityThread.java\r\n类名：android.app.ActivityThread\r\n行数：6863\r\n方法：main\r\n\r\n[第10条记录---------------------]\r\n文件：Method.java\r\n类名：java.lang.reflect.Method\r\n行数：-2\r\n方法：invoke\r\n\r\n[第11条记录---------------------]\r\n文件：RuntimeInit.java\r\n类名：com.android.internal.os.RuntimeInit$MethodAndArgsCaller\r\n行数：537\r\n方法：run\r\n\r\n[第12条记录---------------------]\r\n文件：ZygoteInit.java\r\n类名：com.android.internal.os.ZygoteInit\r\n行数：858\r\n方法：main\r\n\r\n--------------------------------\r\n--------------------------------\r\n--------------------------------\r\n'),(95,'2019年02月18日 08:57:54','123333','1','1.0','com.jenking.xiaoyunhui','OnePlus','ONEPLUS A6000','28','9','>>>>时间：2019年02月18日 08:57:54\n信息：Unable to start activity ComponentInfo{com.jenking.xiaoyunhui/com.jenking.xiaoyunhui.activity.MatchDetailActivity}: java.lang.NullPointerException: Attempt to invoke virtual method \'java.lang.String com.jenking.xiaoyunhui.models.base.UserModel.getUser_type()\' on a null object reference\r\n\n[第1条记录---------------------]\r\n文件：ActivityThread.java\r\n类名：android.app.ActivityThread\r\n行数：3037\r\n方法：performLaunchActivity\r\n\r\n[第2条记录---------------------]\r\n文件：ActivityThread.java\r\n类名：android.app.ActivityThread\r\n行数：3172\r\n方法：handleLaunchActivity\r\n\r\n[第3条记录---------------------]\r\n文件：LaunchActivityItem.java\r\n类名：android.app.servertransaction.LaunchActivityItem\r\n行数：78\r\n方法：execute\r\n\r\n[第4条记录---------------------]\r\n文件：TransactionExecutor.java\r\n类名：android.app.servertransaction.TransactionExecutor\r\n行数：108\r\n方法：executeCallbacks\r\n\r\n[第5条记录---------------------]\r\n文件：TransactionExecutor.java\r\n类名：android.app.servertransaction.TransactionExecutor\r\n行数：68\r\n方法：execute\r\n\r\n[第6条记录---------------------]\r\n文件：ActivityThread.java\r\n类名：android.app.ActivityThread$H\r\n行数：1906\r\n方法：handleMessage\r\n\r\n[第7条记录---------------------]\r\n文件：Handler.java\r\n类名：android.os.Handler\r\n行数：106\r\n方法：dispatchMessage\r\n\r\n[第8条记录---------------------]\r\n文件：Looper.java\r\n类名：android.os.Looper\r\n行数：193\r\n方法：loop\r\n\r\n[第9条记录---------------------]\r\n文件：ActivityThread.java\r\n类名：android.app.ActivityThread\r\n行数：6863\r\n方法：main\r\n\r\n[第10条记录---------------------]\r\n文件：Method.java\r\n类名：java.lang.reflect.Method\r\n行数：-2\r\n方法：invoke\r\n\r\n[第11条记录---------------------]\r\n文件：RuntimeInit.java\r\n类名：com.android.internal.os.RuntimeInit$MethodAndArgsCaller\r\n行数：537\r\n方法：run\r\n\r\n[第12条记录---------------------]\r\n文件：ZygoteInit.java\r\n类名：com.android.internal.os.ZygoteInit\r\n行数：858\r\n方法：main\r\n\r\n--------------------------------\r\n--------------------------------\r\n--------------------------------\r\n'),(96,'2019年02月18日 08:57:58','123333','1','1.0','com.jenking.xiaoyunhui','OnePlus','ONEPLUS A6000','28','9','>>>>时间：2019年02月18日 08:57:58\n信息：Unable to start activity ComponentInfo{com.jenking.xiaoyunhui/com.jenking.xiaoyunhui.activity.MatchDetailActivity}: java.lang.NullPointerException: Attempt to invoke virtual method \'java.lang.String com.jenking.xiaoyunhui.models.base.UserModel.getUser_type()\' on a null object reference\r\n\n[第1条记录---------------------]\r\n文件：ActivityThread.java\r\n类名：android.app.ActivityThread\r\n行数：3037\r\n方法：performLaunchActivity\r\n\r\n[第2条记录---------------------]\r\n文件：ActivityThread.java\r\n类名：android.app.ActivityThread\r\n行数：3172\r\n方法：handleLaunchActivity\r\n\r\n[第3条记录---------------------]\r\n文件：LaunchActivityItem.java\r\n类名：android.app.servertransaction.LaunchActivityItem\r\n行数：78\r\n方法：execute\r\n\r\n[第4条记录---------------------]\r\n文件：TransactionExecutor.java\r\n类名：android.app.servertransaction.TransactionExecutor\r\n行数：108\r\n方法：executeCallbacks\r\n\r\n[第5条记录---------------------]\r\n文件：TransactionExecutor.java\r\n类名：android.app.servertransaction.TransactionExecutor\r\n行数：68\r\n方法：execute\r\n\r\n[第6条记录---------------------]\r\n文件：ActivityThread.java\r\n类名：android.app.ActivityThread$H\r\n行数：1906\r\n方法：handleMessage\r\n\r\n[第7条记录---------------------]\r\n文件：Handler.java\r\n类名：android.os.Handler\r\n行数：106\r\n方法：dispatchMessage\r\n\r\n[第8条记录---------------------]\r\n文件：Looper.java\r\n类名：android.os.Looper\r\n行数：193\r\n方法：loop\r\n\r\n[第9条记录---------------------]\r\n文件：ActivityThread.java\r\n类名：android.app.ActivityThread\r\n行数：6863\r\n方法：main\r\n\r\n[第10条记录---------------------]\r\n文件：Method.java\r\n类名：java.lang.reflect.Method\r\n行数：-2\r\n方法：invoke\r\n\r\n[第11条记录---------------------]\r\n文件：RuntimeInit.java\r\n类名：com.android.internal.os.RuntimeInit$MethodAndArgsCaller\r\n行数：537\r\n方法：run\r\n\r\n[第12条记录---------------------]\r\n文件：ZygoteInit.java\r\n类名：com.android.internal.os.ZygoteInit\r\n行数：858\r\n方法：main\r\n\r\n--------------------------------\r\n--------------------------------\r\n--------------------------------\r\n'),(97,'2019年02月18日 08:58:01','123333','1','1.0','com.jenking.xiaoyunhui','OnePlus','ONEPLUS A6000','28','9','>>>>时间：2019年02月18日 08:58:01\n信息：Unable to start activity ComponentInfo{com.jenking.xiaoyunhui/com.jenking.xiaoyunhui.activity.MatchDetailActivity}: java.lang.NullPointerException: Attempt to invoke virtual method \'java.lang.String com.jenking.xiaoyunhui.models.base.UserModel.getUser_type()\' on a null object reference\r\n\n[第1条记录---------------------]\r\n文件：ActivityThread.java\r\n类名：android.app.ActivityThread\r\n行数：3037\r\n方法：performLaunchActivity\r\n\r\n[第2条记录---------------------]\r\n文件：ActivityThread.java\r\n类名：android.app.ActivityThread\r\n行数：3172\r\n方法：handleLaunchActivity\r\n\r\n[第3条记录---------------------]\r\n文件：LaunchActivityItem.java\r\n类名：android.app.servertransaction.LaunchActivityItem\r\n行数：78\r\n方法：execute\r\n\r\n[第4条记录---------------------]\r\n文件：TransactionExecutor.java\r\n类名：android.app.servertransaction.TransactionExecutor\r\n行数：108\r\n方法：executeCallbacks\r\n\r\n[第5条记录---------------------]\r\n文件：TransactionExecutor.java\r\n类名：android.app.servertransaction.TransactionExecutor\r\n行数：68\r\n方法：execute\r\n\r\n[第6条记录---------------------]\r\n文件：ActivityThread.java\r\n类名：android.app.ActivityThread$H\r\n行数：1906\r\n方法：handleMessage\r\n\r\n[第7条记录---------------------]\r\n文件：Handler.java\r\n类名：android.os.Handler\r\n行数：106\r\n方法：dispatchMessage\r\n\r\n[第8条记录---------------------]\r\n文件：Looper.java\r\n类名：android.os.Looper\r\n行数：193\r\n方法：loop\r\n\r\n[第9条记录---------------------]\r\n文件：ActivityThread.java\r\n类名：android.app.ActivityThread\r\n行数：6863\r\n方法：main\r\n\r\n[第10条记录---------------------]\r\n文件：Method.java\r\n类名：java.lang.reflect.Method\r\n行数：-2\r\n方法：invoke\r\n\r\n[第11条记录---------------------]\r\n文件：RuntimeInit.java\r\n类名：com.android.internal.os.RuntimeInit$MethodAndArgsCaller\r\n行数：537\r\n方法：run\r\n\r\n[第12条记录---------------------]\r\n文件：ZygoteInit.java\r\n类名：com.android.internal.os.ZygoteInit\r\n行数：858\r\n方法：main\r\n\r\n--------------------------------\r\n--------------------------------\r\n--------------------------------\r\n'),(98,'2019年02月18日 08:58:05','123333','1','1.0','com.jenking.xiaoyunhui','OnePlus','ONEPLUS A6000','28','9','>>>>时间：2019年02月18日 08:58:05\n信息：Unable to start activity ComponentInfo{com.jenking.xiaoyunhui/com.jenking.xiaoyunhui.activity.MatchDetailActivity}: java.lang.NullPointerException: Attempt to invoke virtual method \'java.lang.String com.jenking.xiaoyunhui.models.base.UserModel.getUser_type()\' on a null object reference\r\n\n[第1条记录---------------------]\r\n文件：ActivityThread.java\r\n类名：android.app.ActivityThread\r\n行数：3037\r\n方法：performLaunchActivity\r\n\r\n[第2条记录---------------------]\r\n文件：ActivityThread.java\r\n类名：android.app.ActivityThread\r\n行数：3172\r\n方法：handleLaunchActivity\r\n\r\n[第3条记录---------------------]\r\n文件：LaunchActivityItem.java\r\n类名：android.app.servertransaction.LaunchActivityItem\r\n行数：78\r\n方法：execute\r\n\r\n[第4条记录---------------------]\r\n文件：TransactionExecutor.java\r\n类名：android.app.servertransaction.TransactionExecutor\r\n行数：108\r\n方法：executeCallbacks\r\n\r\n[第5条记录---------------------]\r\n文件：TransactionExecutor.java\r\n类名：android.app.servertransaction.TransactionExecutor\r\n行数：68\r\n方法：execute\r\n\r\n[第6条记录---------------------]\r\n文件：ActivityThread.java\r\n类名：android.app.ActivityThread$H\r\n行数：1906\r\n方法：handleMessage\r\n\r\n[第7条记录---------------------]\r\n文件：Handler.java\r\n类名：android.os.Handler\r\n行数：106\r\n方法：dispatchMessage\r\n\r\n[第8条记录---------------------]\r\n文件：Looper.java\r\n类名：android.os.Looper\r\n行数：193\r\n方法：loop\r\n\r\n[第9条记录---------------------]\r\n文件：ActivityThread.java\r\n类名：android.app.ActivityThread\r\n行数：6863\r\n方法：main\r\n\r\n[第10条记录---------------------]\r\n文件：Method.java\r\n类名：java.lang.reflect.Method\r\n行数：-2\r\n方法：invoke\r\n\r\n[第11条记录---------------------]\r\n文件：RuntimeInit.java\r\n类名：com.android.internal.os.RuntimeInit$MethodAndArgsCaller\r\n行数：537\r\n方法：run\r\n\r\n[第12条记录---------------------]\r\n文件：ZygoteInit.java\r\n类名：com.android.internal.os.ZygoteInit\r\n行数：858\r\n方法：main\r\n\r\n--------------------------------\r\n--------------------------------\r\n--------------------------------\r\n');
/*!40000 ALTER TABLE `android_operate_error` ENABLE KEYS */;
UNLOCK TABLES;

--
-- Table structure for table `class`
--

DROP TABLE IF EXISTS `class`;
/*!40101 SET @saved_cs_client     = @@character_set_client */;
/*!40101 SET character_set_client = utf8 */;
CREATE TABLE `class` (
  `class_id` int(11) NOT NULL AUTO_INCREMENT,
  `class_name` varchar(255) DEFAULT NULL,
  `class_create_time` varchar(255) DEFAULT NULL,
  `school_id` varchar(255) DEFAULT NULL,
  PRIMARY KEY (`class_id`)
) ENGINE=InnoDB AUTO_INCREMENT=7 DEFAULT CHARSET=utf8;
/*!40101 SET character_set_client = @saved_cs_client */;

--
-- Dumping data for table `class`
--

LOCK TABLES `class` WRITE;
/*!40000 ALTER TABLE `class` DISABLE KEYS */;
INSERT INTO `class` VALUES (1,'电子1141班','1549706465','9'),(2,'电子1142班','1549706480','9'),(3,'计科1181班','1549706505','9'),(4,'软件11472班','1549706529','9');
/*!40000 ALTER TABLE `class` ENABLE KEYS */;
UNLOCK TABLES;

--
-- Table structure for table `match_type`
--

DROP TABLE IF EXISTS `match_type`;
/*!40101 SET @saved_cs_client     = @@character_set_client */;
/*!40101 SET character_set_client = utf8 */;
CREATE TABLE `match_type` (
  `match_type_id` int(11) NOT NULL AUTO_INCREMENT,
  `match_type_name` varchar(255) DEFAULT NULL,
  `match_type_manager` varchar(255) DEFAULT NULL,
  `match_type_create_time` varchar(255) DEFAULT NULL,
  `match_type_del` varchar(255) DEFAULT NULL,
  PRIMARY KEY (`match_type_id`)
) ENGINE=InnoDB AUTO_INCREMENT=13 DEFAULT CHARSET=utf8;
/*!40101 SET character_set_client = @saved_cs_client */;

--
-- Dumping data for table `match_type`
--

LOCK TABLES `match_type` WRITE;
/*!40000 ALTER TABLE `match_type` DISABLE KEYS */;
INSERT INTO `match_type` VALUES (1,'match_type_name','match_type_manager','match_type_create_time华盛顿和骄傲','delete'),(2,'matchd','match_t','华盛顿和骄傲','delete'),(3,'match_type_name_asd','match_type_manager','match_type_create_time','delete'),(4,'类型测试','match_type_manager','match_type_create_time','delete'),(5,'类型测试','match_type_manager','match_type_create_time','delete'),(6,'测试测试','1','1548495241','delete'),(7,'男子组','1','1548495275','delete'),(8,'女子组','7','1549347305','delete'),(9,'跳远','7','1549349207','delete'),(10,'跳高','7','1549349213','delete'),(11,'田赛','7','1550333094','normal'),(12,'径赛','7','1550333385','normal');
/*!40000 ALTER TABLE `match_type` ENABLE KEYS */;
UNLOCK TABLES;

--
-- Table structure for table `matchs`
--

DROP TABLE IF EXISTS `matchs`;
/*!40101 SET @saved_cs_client     = @@character_set_client */;
/*!40101 SET character_set_client = utf8 */;
CREATE TABLE `matchs` (
  `match_id` int(11) NOT NULL AUTO_INCREMENT,
  `match_title` varchar(255) DEFAULT NULL,
  `match_time` varchar(255) DEFAULT NULL,
  `match_create_time` varchar(255) DEFAULT NULL,
  `match_referee_id` varchar(255) DEFAULT NULL,
  `match_manager` varchar(255) DEFAULT NULL,
  `match_abstract` varchar(255) DEFAULT NULL,
  `match_detail` varchar(255) DEFAULT NULL,
  `match_athletes_num` varchar(255) DEFAULT NULL,
  `match_status` varchar(255) DEFAULT NULL,
  `match_organizers` varchar(255) DEFAULT NULL,
  `match_del` varchar(255) DEFAULT NULL,
  `match_type` varchar(255) DEFAULT NULL,
  `match_img` varchar(255) DEFAULT NULL,
  `match_address` varchar(255) DEFAULT NULL,
  PRIMARY KEY (`match_id`)
) ENGINE=InnoDB AUTO_INCREMENT=30 DEFAULT CHARSET=utf8;
/*!40101 SET character_set_client = @saved_cs_client */;

--
-- Dumping data for table `matchs`
--

LOCK TABLES `matchs` WRITE;
/*!40000 ALTER TABLE `matchs` DISABLE KEYS */;
INSERT INTO `matchs` VALUES (5,'标题','1548505125','1548505137','2','1','杰瑞','菊树','律师','1','','delete','6','/storage/emulated/0/Android/data/com.jenking.xiaoyunhui/cache/1548505132934.jpg','律师'),(6,'测试二','1548505828','1548505843','2','1','律师恶魔来了','不睡','人数','1','','delete','7','/storage/emulated/0/Android/data/com.jenking.xiaoyunhui/cache/1548505836169.jpg','没有力气'),(7,'卢卡斯','1548506936','1548506949','2','1','穆里奇','58574','6组5日','1','','delete','6','/storage/emulated/0/Android/data/com.jenking.xiaoyunhui/cache/1548506945495.jpg','爸爸'),(8,'加','1548561310','1548561326','2','1',' 就是','哈哈哈','人数','1','','delete','6','upload/t5CRsmgjan9DYd4EzMA9OOrl.jpg','推荐几个'),(9,'标题','1548561465','1548561478','2','1','哈哈','要是','36','1','','delete','6','upload/JWKsJTVCQ80BcsyTPFBd-CEr.jpg','地点'),(10,'标题','1548561686','1548561711','2','1','简要说明','裁判','哈哈哈','1','','delete','6','upload/bwItXCCZfmKUeyphwMPuTVL0.jpg','我日'),(11,'新比赛测试','1548574065','1548574105','2','1','简要说明','裁判','12','1','6','delete','7','upload/PaWz2ZC67mOuymLtVbKmi7tX.jpg','主校区'),(12,'第二个新比赛','1548595251','1548595340','2','7','哈哈哈哈','要求','12','1','9','delete','6','upload/HoN3Tum3t7V7LSFcdtQIpaRx.jpg','地点'),(13,'男子组440米接力赛','1551337200','1548678313','10','7','简要说明','比赛要求','12','1','9','delete','7','upload/OK5ArGkFPGoDXeUtOd6zn1eR.jpg','主校区'),(14,'新比赛','1548680182','1548680219','4','7','简要说明','哈哈哈','12','4','9','delete','7','upload/IhqQpW00QdckA32gnqkU9Wih.jpg','新校区体育场'),(15,'新比赛2','1548741513','1548741559','4','7','说明','比赛要求','5','2','9','delete','6','upload/gR-WLZof_JY0jmPtPqU6_K9g.jpg','新校区'),(16,'新比赛测试3','1548940156','1548940179','4','7','叫要交玩完了亏你敏力吉里吉里','要求暂无','36','2','9','delete','7','upload/yGUyl50ibxT3CynOucZnk2BA.jpg','比赛地点'),(17,'hhsgd','1612105616','1548947237','5','7','简要说明','比赛要求','12','1','9','delete','7','upload/vSc5pv_j2dBdBCUL8UttOb5d.jpg','地点'),(18,'新比赛','1548947967','1548948001','4','7','简要说明','比赛要求','12','4','9','delete','7','upload/AOXPsRv4K4KxQ1n4EwZSnpc7.jpg','新校区'),(19,'测试比赛','1548949555','1548949602','4','7','简要说明','比赛要求','20','2','9','normal','7','upload/5vpHzRgQP4HeKbJBp5tCXWOP.jpg','比赛要求'),(20,'新比赛测试','1548993991','1548994014','4','7','简要说明简要说明','比赛要求','12','1','9','normal','7','upload/x1XcCdvpYdLKPvHbbpn8hn_E.jpg','新校区'),(21,'aaa','1549036751','1549036787','4','7','bbb','aaaa','2','4','7','normal','7','upload/LAlgOoEyiVl2XBlA0HeqxhgV.png','sss'),(22,'田径','1549347331','1549347356','4','7','田径比赛','111','5','4','6','normal','8','upload/ArstaFwBbd-oebzerLF44xw7.jpg','哈哈哈'),(23,'跳远','1549435734','1549349369','5','7','哈哈哈','GG','111','4','8','normal','7','upload/gVzxzKpNP9uARqlpKHX5DBlw.jpg','GG'),(24,'400米','1550331471','1550072326','4','7','111','11','10','4','6','normal','7','upload/ek07dvwOX14ySsY9M5gcju_u.jpg','111'),(25,'1000米','1550332002','1550072821','4','7','哈哈哈','哈哈哈','5','4','9','normal','7','upload/Y1NbabYckE7ph5fajrdMw-b-.jpg','哈哈哈'),(26,'hhh','1550205654','1550205670','5','7','惊讶','要求','2','1','9','delete','7','upload/IsEfpFyNC-Xy9hbHsnrmMH5F.jpg','地点'),(27,'1500米','1550557501','1550211941','5','7','哈哈哈','哈哈哈','11','4','6','normal','7','upload/bLwz6ppa55mKBKJa4kTWcSGf.png','哈哈哈'),(28,'跳高','1550421117','1550334910','4','7','哈哈哈','哈哈哈','44','1','6','normal','11','upload/JgOKik9lCNlogKuh5yUx-i-y.png','哈哈哈'),(29,'3000米','1550483704','1550397331','5','7','哈哈哈','哈哈哈','11','4','8','normal','12','upload/A1Y3VHMO4p6RiWFU1vnv_OVK.png','哈哈哈');
/*!40000 ALTER TABLE `matchs` ENABLE KEYS */;
UNLOCK TABLES;

--
-- Table structure for table `referee`
--

DROP TABLE IF EXISTS `referee`;
/*!40101 SET @saved_cs_client     = @@character_set_client */;
/*!40101 SET character_set_client = utf8 */;
CREATE TABLE `referee` (
  `referee_id` int(11) NOT NULL AUTO_INCREMENT,
  `user_id` varchar(255) DEFAULT NULL,
  `referee_status` varchar(255) DEFAULT NULL,
  `referee_manager` varchar(255) DEFAULT NULL,
  `referee_del` varchar(255) DEFAULT NULL,
  PRIMARY KEY (`referee_id`)
) ENGINE=InnoDB AUTO_INCREMENT=9 DEFAULT CHARSET=utf8;
/*!40101 SET character_set_client = @saved_cs_client */;

--
-- Dumping data for table `referee`
--

LOCK TABLES `referee` WRITE;
/*!40000 ALTER TABLE `referee` DISABLE KEYS */;
INSERT INTO `referee` VALUES (1,'2','referee_status','referee_manager','delete'),(2,'3','referee_status','referee_manager','delete'),(3,'8','1','','delete'),(4,'10','2','7','normal'),(5,'11','2','7','normal'),(6,'9','1','7','delete'),(7,'13','1','7','delete'),(8,'12','1','7','delete');
/*!40000 ALTER TABLE `referee` ENABLE KEYS */;
UNLOCK TABLES;

--
-- Table structure for table `school`
--

DROP TABLE IF EXISTS `school`;
/*!40101 SET @saved_cs_client     = @@character_set_client */;
/*!40101 SET character_set_client = utf8 */;
CREATE TABLE `school` (
  `school_id` int(11) NOT NULL AUTO_INCREMENT,
  `school_logo` varchar(255) DEFAULT NULL,
  `school_name` varchar(255) DEFAULT NULL,
  `school_address` varchar(255) DEFAULT NULL,
  `school_manager` varchar(255) DEFAULT NULL,
  `school_abstract` varchar(255) DEFAULT NULL,
  `school_detail` varchar(255) DEFAULT NULL,
  `school_remark` varchar(255) DEFAULT NULL,
  `school_del` varchar(255) DEFAULT NULL,
  `school_create_time` varchar(255) DEFAULT NULL,
  PRIMARY KEY (`school_id`)
) ENGINE=InnoDB AUTO_INCREMENT=10 DEFAULT CHARSET=utf8;
/*!40101 SET character_set_client = @saved_cs_client */;

--
-- Dumping data for table `school`
--

LOCK TABLES `school` WRITE;
/*!40000 ALTER TABLE `school` DISABLE KEYS */;
INSERT INTO `school` VALUES (1,'school_logo ','school_name','school_address','school_manager',NULL,'school_detail','school_remark','delete','school_create_time'),(2,'school_logo 啊啊啊ddd','school_namefsdfdsf','school_address','school_manager','school_abstract','school_detail','school_remark','delete','school_create_time'),(3,'school_logo 啊啊啊ddd','school_namefsdfdsf','school_address','school_manager','school_abstract','school_detail','school_remark','delete','school_create_time'),(4,'upload/nm97v4waukrLOOpsrWxGQfu_.jpg','测试','地址','1','造作','介绍','','delete','1548570227'),(5,'upload/jtLONQIdjhOi6puGwj_RUw49.jpg','名称','地址','1','造作','前几天破鼓','','delete','1548570336'),(6,'upload/r_f0kqz2mKPqVCzuOL_g6YS_.jpg','广东工业大学','学校地址未知','7','校训。','介绍。','','normal','1549716710'),(7,'upload/Xkm6tD_aYZP-SlQMRCFqkuo1.jpg','溜了溜了','司机','1','校训','详细介绍','','delete','1548571585'),(8,'upload/9OFIIKYvG3Qw500XaWgiHHyw.jpg','华南农业大学','地址','7','校训','介绍','','normal','1549717118'),(9,'upload/sQb9EBM9fihLbDFQDXGB-36e.jpg','中国农业大学','中国广州','7','校训','详细介绍','','normal','1550204865');
/*!40000 ALTER TABLE `school` ENABLE KEYS */;
UNLOCK TABLES;

--
-- Table structure for table `score`
--

DROP TABLE IF EXISTS `score`;
/*!40101 SET @saved_cs_client     = @@character_set_client */;
/*!40101 SET character_set_client = utf8 */;
CREATE TABLE `score` (
  `score_id` int(11) NOT NULL AUTO_INCREMENT,
  `match_id` varchar(255) DEFAULT NULL,
  `user_id` varchar(255) DEFAULT NULL,
  `referee_id` varchar(255) DEFAULT NULL,
  `score_value` varchar(255) DEFAULT NULL,
  `score_create_time` varchar(255) DEFAULT NULL,
  `score_detail` varchar(255) DEFAULT NULL,
  `score_remark` varchar(255) DEFAULT NULL,
  `score_publish_time` varchar(255) DEFAULT NULL,
  `score_del` varchar(255) DEFAULT NULL,
  `score_unit` varchar(255) DEFAULT NULL,
  `score_integral` int(11) NOT NULL DEFAULT '0',
  PRIMARY KEY (`score_id`)
) ENGINE=InnoDB AUTO_INCREMENT=27 DEFAULT CHARSET=utf8;
/*!40101 SET character_set_client = @saved_cs_client */;

--
-- Dumping data for table `score`
--

LOCK TABLES `score` WRITE;
/*!40000 ALTER TABLE `score` DISABLE KEYS */;
INSERT INTO `score` VALUES (4,'14','9','4','458','1548820045',NULL,NULL,'1548820045','normal','秒',0),(5,'14','12','4','365','1548820045',NULL,NULL,'1548820045','normal','秒',0),(6,'18','9','4','2.8','1548948409',NULL,NULL,'1548948409','normal','米',0),(7,'21','9','4','500','1549348343','null','null','1549348343','normal','厘米',3),(8,'22','9','4','111','1549973668',NULL,NULL,'1549973668','normal','秒',0),(9,'24','9','4','100','1550107833','null','null','1550107833','normal','秒',2),(10,'24','12','4','200','1550107833','null','null','1550107833','normal','秒',3),(11,'24','9','4','100','1550107868',NULL,NULL,'1550107868','delete','秒',0),(12,'24','12','4','200','1550107868',NULL,NULL,'1550107868','delete','秒',0),(13,'25','9','4','100','1550108038',NULL,NULL,'1550108038','delete','秒',0),(14,'25','12','4','200','1550108038',NULL,NULL,'1550108038','delete','秒',0),(15,'27','9','5','3分40','1550240944',NULL,NULL,'1550240944','normal','秒',0),(16,'27','12','5','3分50','1550240944',NULL,NULL,'1550240944','normal','秒',0),(17,'27','9','5','3分51','1550251480',NULL,NULL,'1550251480','delete','秒',0),(18,'27','12','5','3分56','1550251480',NULL,NULL,'1550251480','delete','秒',0),(19,'27','15','5','4分30','1550251480',NULL,NULL,'1550251480','normal','秒',0),(20,'27','14','5','5分20','1550251480',NULL,NULL,'1550251480','normal','秒',0),(21,'23','9','5','56','1550299833',NULL,NULL,'1550299833','normal','秒',1),(22,'23','12','5','23','1550299833',NULL,NULL,'1550299833','normal','秒',3),(23,'29','9','5','111','1550397522',NULL,NULL,'1550397522','normal','秒',11),(24,'29','12','5','98','1550397522',NULL,NULL,'1550397522','normal','秒',11),(25,'29','9','5','111','1550397521',NULL,NULL,'1550397521','normal','秒',11),(26,'29','12','5','98','1550397521',NULL,NULL,'1550397521','normal','秒',11);
/*!40000 ALTER TABLE `score` ENABLE KEYS */;
UNLOCK TABLES;

--
-- Table structure for table `team`
--

DROP TABLE IF EXISTS `team`;
/*!40101 SET @saved_cs_client     = @@character_set_client */;
/*!40101 SET character_set_client = utf8 */;
CREATE TABLE `team` (
  `team_id` int(11) NOT NULL AUTO_INCREMENT,
  `team_leader` varchar(255) DEFAULT NULL,
  `team_create_time` varchar(255) DEFAULT NULL,
  `team_create_user` varchar(255) DEFAULT NULL,
  `team_name` varchar(255) DEFAULT NULL,
  `team_detail` varchar(255) DEFAULT NULL,
  `team_abstract` varchar(255) DEFAULT NULL,
  `team_status` varchar(255) DEFAULT NULL,
  `team_logo` varchar(255) DEFAULT NULL,
  `team_del` varchar(255) DEFAULT NULL,
  PRIMARY KEY (`team_id`)
) ENGINE=InnoDB AUTO_INCREMENT=9 DEFAULT CHARSET=utf8;
/*!40101 SET character_set_client = @saved_cs_client */;

--
-- Dumping data for table `team`
--

LOCK TABLES `team` WRITE;
/*!40000 ALTER TABLE `team` DISABLE KEYS */;
INSERT INTO `team` VALUES (1,'team_leader','team_create_time','team_create_user','undefined','team_detail','team_abstract','team_status','undefined','delete'),(2,'team_leader','team_create_time','team_create_user','team_nameasdsad','team_detail','team_abstract','team_status','team_logoasdasd','delete'),(3,'9','1548839112','9','团队名称','详细介绍','简介','1','upload/2LNmhtVvBP9s0QcqJCF1FIDC.jpg','normal'),(4,'9','1548841467','9','团队测试名','暂无','这是一个优秀的团队，实力强悍的团队，欢迎你的加入','1','upload/ZR63hQqtWzczEh1bSE8rL7o8.jpg','normal'),(5,'9','1548841507','9','团队测试2','暂无','暂无','1','upload/NlWniEg_1V1EyE54ora2rYyj.jpg','normal'),(6,'9','1548841577','9','团队测试','介绍','了解了解','1','upload/KSE0Vt6ttfEz4yER4s5iPgu_.jpg','normal'),(7,'12','1548900182','12','456团队','详细介绍','团队介绍介绍','1','upload/ZAc1REHzZTXBN4dpZXthlM_Q.jpg','normal'),(8,'12','1548900480','12','456团队2','介绍','团队简介团队简介','1','upload/2IG03GP-suhTc-ZtLMyK_jyZ.jpg','normal');
/*!40000 ALTER TABLE `team` ENABLE KEYS */;
UNLOCK TABLES;

--
-- Table structure for table `user`
--

DROP TABLE IF EXISTS `user`;
/*!40101 SET @saved_cs_client     = @@character_set_client */;
/*!40101 SET character_set_client = utf8 */;
CREATE TABLE `user` (
  `user_id` int(11) NOT NULL AUTO_INCREMENT,
  `user_name` varchar(255) DEFAULT NULL,
  `user_pass` varchar(255) DEFAULT NULL,
  `user_realname` varchar(255) DEFAULT NULL,
  `user_sex` varchar(255) DEFAULT NULL,
  `user_avatar` varchar(255) DEFAULT NULL,
  `user_slogan` varchar(255) DEFAULT NULL,
  `user_phone` varchar(255) DEFAULT NULL,
  `user_email` varchar(255) DEFAULT NULL,
  `user_health` varchar(255) DEFAULT NULL,
  `user_address` varchar(255) DEFAULT NULL,
  `user_type` varchar(255) DEFAULT NULL,
  `user_status` varchar(255) DEFAULT NULL,
  `user_create_time` varchar(255) DEFAULT NULL,
  `user_remark` varchar(255) DEFAULT NULL,
  `user_del` varchar(255) DEFAULT NULL,
  `user_school` varchar(255) DEFAULT NULL,
  `user_class` varchar(255) DEFAULT NULL,
  PRIMARY KEY (`user_id`)
) ENGINE=InnoDB AUTO_INCREMENT=18 DEFAULT CHARSET=utf8;
/*!40101 SET character_set_client = @saved_cs_client */;

--
-- Dumping data for table `user`
--

LOCK TABLES `user` WRITE;
/*!40000 ALTER TABLE `user` DISABLE KEYS */;
INSERT INTO `user` VALUES (1,'jack','jack',NULL,NULL,NULL,NULL,NULL,NULL,NULL,NULL,NULL,NULL,NULL,NULL,'delete',NULL,NULL),(2,'123','123',NULL,NULL,NULL,NULL,NULL,NULL,NULL,NULL,NULL,NULL,NULL,NULL,'delete',NULL,NULL),(3,'jack1','jack1',NULL,NULL,NULL,NULL,NULL,NULL,NULL,NULL,NULL,NULL,NULL,NULL,'delete',NULL,NULL),(4,'jack2','jack2','user_realname','user_sex','user_avatar','user_slogan','user_phone','user_email','user_health','user_address','user_type','user_status','user_create_time','user_remark','delete','user_school','user_class'),(5,'anb','asd',NULL,NULL,NULL,NULL,NULL,NULL,NULL,NULL,NULL,NULL,NULL,NULL,'delete',NULL,NULL),(6,'6666','asda',NULL,NULL,NULL,NULL,NULL,NULL,NULL,NULL,NULL,NULL,NULL,NULL,'delete',NULL,NULL),(7,'admin','admin','我是管理员','null','upload/t8zkM6fbxx3qabKleI4eMHzn.jpg','我不个性何来个性签名','null','null','null','null','3','null','null','null','normal','null','null'),(8,'super','super',NULL,NULL,NULL,NULL,NULL,NULL,NULL,NULL,'1',NULL,NULL,NULL,'delete',NULL,NULL),(9,'123','123','哎呦不呀','男','upload/IOws97_tsfkJHv03JjPOJyiV.jpg','生活就像海洋','13461354','邮箱','822904990','男','1','null','1548664087','null','normal','6','3'),(10,'jack','jack','真实姓名','男','upload/XIxcHzTj1SrCUb_R4elu2uyx.jpg','个性签名','电话','邮箱','1548750566','住址','2','null','1548664307','null','normal','9','null'),(11,'super','super',NULL,NULL,NULL,NULL,NULL,NULL,NULL,NULL,'2',NULL,'1548667127',NULL,'normal',NULL,NULL),(12,'456','456','王某某','男','upload/oj13YHud0nVIYvGzzUHr0XI5.jpg','无签名','13413600000','13413600000@163.com','570700360','男','1','null','1548814247','null','normal','9','1'),(13,'789','789',NULL,NULL,NULL,NULL,NULL,NULL,NULL,NULL,'1',NULL,'1550045161',NULL,'normal',NULL,NULL),(14,'111','111','Aaa','null','null','null','null','null','null','null','1','null','1550241510','null','normal','8','4'),(15,'222','222','aaa ','男','null','null','222','null','1550251111','null','1','null','1550241599','null','normal','8','3'),(16,'999','999',NULL,NULL,NULL,NULL,NULL,NULL,NULL,NULL,'1',NULL,'1550333790',NULL,'normal',NULL,NULL),(17,'333','333','林林林','null','null','null','null','null','null','null','1','null','1550335031','null','normal','6','4');
/*!40000 ALTER TABLE `user` ENABLE KEYS */;
UNLOCK TABLES;

--
-- Table structure for table `user_match`
--

DROP TABLE IF EXISTS `user_match`;
/*!40101 SET @saved_cs_client     = @@character_set_client */;
/*!40101 SET character_set_client = utf8 */;
CREATE TABLE `user_match` (
  `user_match_id` int(11) NOT NULL AUTO_INCREMENT,
  `user_id` varchar(11) DEFAULT NULL,
  `match_id` varchar(11) DEFAULT NULL,
  `user_match_del` varchar(11) DEFAULT NULL,
  `user_match_status` varchar(255) DEFAULT NULL,
  `score_id` varchar(255) DEFAULT NULL,
  `user_group` varchar(255) DEFAULT NULL,
  `user_order` varchar(255) DEFAULT NULL,
  PRIMARY KEY (`user_match_id`)
) ENGINE=InnoDB AUTO_INCREMENT=38 DEFAULT CHARSET=utf8;
/*!40101 SET character_set_client = @saved_cs_client */;

--
-- Dumping data for table `user_match`
--

LOCK TABLES `user_match` WRITE;
/*!40000 ALTER TABLE `user_match` DISABLE KEYS */;
INSERT INTO `user_match` VALUES (7,'9','14','normal','1',NULL,NULL,NULL),(8,'12','14','normal','1',NULL,NULL,NULL),(9,'9','15','normal','1',NULL,NULL,NULL),(10,'12','15','normal','1',NULL,NULL,NULL),(11,'9','16','normal','1',NULL,NULL,NULL),(12,'9','18','normal','1',NULL,NULL,NULL),(14,'9','20','delete','1',NULL,NULL,NULL),(16,'12','20','delete','1',NULL,NULL,NULL),(18,'12','20','delete','1',NULL,NULL,NULL),(19,'9','21','normal','1','null','H','1'),(20,'9','22','normal','1','null','A','1'),(21,'9','20','normal','1','null','A','1'),(22,'12','20','normal','1','null','A','2'),(23,'9','23','normal','1',NULL,NULL,NULL),(24,'9','24','normal','1','null','A','1'),(25,'12','24','normal','1','null','A','2'),(26,'9','25','normal','1','null','E','1'),(27,'12','25','normal','1','null','A','2'),(28,'9','27','normal','1','null','C','1'),(29,'12','27','normal','1','null','D','2'),(30,'15','27','normal','1','null','D','3'),(31,'12','23','normal','1',NULL,NULL,NULL),(32,'14','27','normal','1','null','D','4'),(33,'9','28','normal','1','null','B','null'),(34,'15','28','normal','1','null','A','null'),(35,'17','28','normal','1','null','A','null'),(36,'9','29','normal','1','null','C','1'),(37,'12','29','normal','1','null','A','2');
/*!40000 ALTER TABLE `user_match` ENABLE KEYS */;
UNLOCK TABLES;

--
-- Table structure for table `user_team`
--

DROP TABLE IF EXISTS `user_team`;
/*!40101 SET @saved_cs_client     = @@character_set_client */;
/*!40101 SET character_set_client = utf8 */;
CREATE TABLE `user_team` (
  `user_team_id` int(11) NOT NULL AUTO_INCREMENT,
  `user_id` varchar(255) DEFAULT NULL,
  `team_id` varchar(255) DEFAULT NULL,
  `user_team_del` varchar(255) DEFAULT NULL,
  `user_team_status` varchar(255) DEFAULT NULL,
  PRIMARY KEY (`user_team_id`)
) ENGINE=InnoDB AUTO_INCREMENT=11 DEFAULT CHARSET=utf8;
/*!40101 SET character_set_client = @saved_cs_client */;

--
-- Dumping data for table `user_team`
--

LOCK TABLES `user_team` WRITE;
/*!40000 ALTER TABLE `user_team` DISABLE KEYS */;
INSERT INTO `user_team` VALUES (3,'9','8','delete','1'),(4,'9','7','normal','2'),(5,'12','6','normal','2'),(6,'7','8','normal','2'),(7,'12','5','normal','2'),(8,'13','7','normal','2'),(9,'14','7','normal','2'),(10,'15','7','normal','2');
/*!40000 ALTER TABLE `user_team` ENABLE KEYS */;
UNLOCK TABLES;
/*!40103 SET TIME_ZONE=@OLD_TIME_ZONE */;

/*!40101 SET SQL_MODE=@OLD_SQL_MODE */;
/*!40014 SET FOREIGN_KEY_CHECKS=@OLD_FOREIGN_KEY_CHECKS */;
/*!40014 SET UNIQUE_CHECKS=@OLD_UNIQUE_CHECKS */;
/*!40101 SET CHARACTER_SET_CLIENT=@OLD_CHARACTER_SET_CLIENT */;
/*!40101 SET CHARACTER_SET_RESULTS=@OLD_CHARACTER_SET_RESULTS */;
/*!40101 SET COLLATION_CONNECTION=@OLD_COLLATION_CONNECTION */;
/*!40111 SET SQL_NOTES=@OLD_SQL_NOTES */;

-- Dump completed on 2019-02-17 20:20:57
